Date,Weight JPM.N,Weight BAC.N,Weight WFC.N,Weight MS.N,Weight AXP.N,Weight BX.N,Weight GS.N,Weight BLK.N
2022-12-30,0.2843655502372326,0.19208886478407206,0.11374481684683538,0.10388234077524813,0.07981585321332836,0.06506459826055598,0.08409260767018914,0.07694536821253835
2022-12-29,0.2825795704624132,0.1922593602706725,0.1138872916499949,0.10418068158345022,0.07960612938431932,0.06557430638136051,0.08412869637132041,0.07778396389646883
2022-12-28,0.2842925248453015,0.1923626665674474,0.11464954205298311,0.10444897657246938,0.07873844013550114,0.06405136531195434,0.0844906178556787,0.07696586665866445
2022-12-27,0.2825183659564843,0.1907992869604157,0.11433387088917579,0.10510583505886324,0.07997493651374633,0.06534762692438306,0.08469476304380519,0.07722531465312629
2022-12-23,0.2809208182831973,0.19003399693855427,0.11391891483785044,0.10617233483036785,0.08014478012823176,0.06629432163407328,0.08538262882384685,0.07713220452387821
2022-12-22,0.2806590554460331,0.19028782884554776,0.11351568604293287,0.10689853343034067,0.07951432468077552,0.06604046755779915,0.08572520299778778,0.07735890099878318
2022-12-21,0.28071539379728505,0.18985056956455387,0.11346393303066576,0.10631840253676883,0.0795962006970016,0.0666216984761441,0.08589235073605807,0.0775414511615229
2022-12-20,0.2819168251275175,0.18991675103560074,0.11483892553996954,0.10584898861295629,0.08006664969418609,0.06520603262692619,0.08581816020248079,0.0763876671603629
2022-12-19,0.2803302349098894,0.1889963281825116,0.11709780338177832,0.10624747731817276,0.07962283018140881,0.06550078669337409,0.08577840418050474,0.07642613515236023
2022-12-16,0.2787318312919423,0.18691517100922622,0.11535912498110698,0.10789812052121259,0.08034880563296799,0.0672181496426408,0.0862303287765111,0.07729846814439194
2022-12-15,0.27814049853112516,0.1857666735772523,0.11489760646335656,0.10814449158257523,0.08181409984456273,0.06843512581670119,0.08637058551636531,0.0764309186680614
2022-12-14,0.27835310769524896,0.1842064672984882,0.11432804947362271,0.10879994891821079,0.08191283880647644,0.06954948351447825,0.0868333108926112,0.0760167934008635
2022-12-13,0.27546923286285374,0.18402806518854856,0.1137525319662452,0.10975090280410049,0.08244385068196786,0.07089809579151493,0.0874753194903897,0.07618200121437953
2022-12-12,0.27709342325816055,0.18482086754154245,0.11495610407770587,0.1083995488686416,0.08273916607819233,0.07041878271344869,0.08659249645656979,0.07497961100573866
2022-12-09,0.2771686477384511,0.18573107607094128,0.11579012735039677,0.10811698652514597,0.08222353787564196,0.0680697639467454,0.08698137854942761,0.07591848194324999
2022-12-08,0.278370240922621,0.18586931093510836,0.11587970248438975,0.10705581518788285,0.08224995193690715,0.06848827649104505,0.08662875425644866,0.07545794778559728
2022-12-07,0.27632039112265927,0.1881609576245712,0.11587864419900958,0.10567550739502783,0.08284903063011764,0.0674720469734485,0.08733962376000864,0.07630379829515735
2022-12-06,0.2747751711525461,0.18846564602281876,0.11772883818419917,0.1052894133771723,0.08229214458485866,0.06799015460798291,0.0875126077350555,0.07594602433536667
2022-12-05,0.2696547700079808,0.19351598642147527,0.11642176177781408,0.10622066733936028,0.08161549710305836,0.06958538259406995,0.08807073016519151,0.07491520459104968
2022-12-02,0.2691367647150092,0.19649659574081782,0.11883773445807139,0.10567126260679002,0.07951441360323089,0.07013126527522699,0.08751488888855573,0.07269707471229801
2022-12-01,0.2685718365098352,0.19706380892191175,0.12002986454776145,0.10563581918863438,0.07909515085625428,0.06933144672818148,0.08737400256022837,0.07289807068719308
2022-11-30,0.26733713786565416,0.2002827966887851,0.12051503905349682,0.10375194374073773,0.07767052271978635,0.0732366963418803,0.08627391809237515,0.0709319454972845
2022-11-29,0.26843460117491663,0.1989208787251034,0.12147493278624255,0.10315978574389387,0.07732714969507665,0.07171070410766262,0.08710520811552094,0.0718667396515834
2022-11-28,0.26659711144187714,0.20004917153110946,0.12110701773970536,0.10277833343355092,0.076266554338672,0.07230109161139332,0.08762330082245869,0.07327741908123306
2022-11-25,0.26652945394647953,0.20098083289151364,0.12012484570796454,0.10210187411227446,0.07654320265770782,0.07255098625385695,0.08753262359341665,0.0736361808367864
2022-11-23,0.26719864015583905,0.20138736552460876,0.12037609833680717,0.10144770933129196,0.07677184286914347,0.07167336788765019,0.08732964510193557,0.07381533079272387
2022-11-22,0.26581457183865986,0.20183452351592102,0.12046697042396927,0.10170351140979586,0.07751453130597216,0.07147629768151668,0.0872628441075486,0.07392674971661657
2022-11-21,0.2638177552013075,0.2023382773878654,0.1206547868324674,0.10177515492896448,0.07718881684993882,0.07368149012395224,0.08706485051636695,0.07347886815913734
2022-11-18,0.2651254077401893,0.20149081676480504,0.11966217789596746,0.10181287421045601,0.07695710675407724,0.07510886570003195,0.08674896623576962,0.07309378469870333
2022-11-17,0.2641283400106988,0.20259291544095256,0.11906112278559171,0.10213777907061375,0.07647540917338773,0.07459604078758471,0.08740383077823342,0.07360456195293753
2022-11-16,0.262964968642189,0.20184830792614714,0.1185848162885026,0.10223510817006014,0.07677807177405903,0.07682779797555343,0.08722126145639268,0.07353966776709595
2022-11-15,0.26037330148299115,0.2019508954408196,0.11884725936105381,0.10213198592156009,0.07678292313397773,0.07906536231258281,0.08660294355380416,0.07424532879321079
2022-11-14,0.2609646191244028,0.20126314922220884,0.11865938766885259,0.10084763994928875,0.07651899649515141,0.08173359108726701,0.08605388093671305,0.07395873551611547
2022-11-11,0.2586863695930525,0.20085549332629554,0.11810405233036385,0.1000088307617802,0.07544189621643402,0.0860074467220229,0.08504652359296311,0.0758493874570879
2022-11-10,0.2609451126630819,0.2014598832853874,0.12033314162171369,0.09884245031268461,0.07615566934498393,0.08270534083493039,0.08439994347591993,0.07515845846129836
2022-11-09,0.2659168053902071,0.20472284935005847,0.12240098800557404,0.09855318272648546,0.07615905857593515,0.07628116551731909,0.08568865312567985,0.07027729730874072
2022-11-08,0.26434565184510994,0.2041108976126387,0.12325599326728165,0.09881689295310082,0.07694758252045308,0.07730581303267839,0.08454322819527939,0.07067394057345826
2022-11-07,0.2653320773275473,0.20444490874768353,0.12350265220595842,0.09958352871402196,0.07562497898176154,0.07699835345557692,0.08456994782074895,0.06994355274670132
2022-11-04,0.2667220259783141,0.20537293082046068,0.1239301547833336,0.09978701333581395,0.07524744808459903,0.07600399470585689,0.0843611455450545,0.06857528674656714
2022-11-03,0.2664755723074014,0.2056399114219489,0.12393724760174127,0.10093757752091362,0.07434744548977198,0.07626972339249899,0.08440266602087278,0.06798985624485084
2022-11-02,0.2628515773178806,0.20434311404419608,0.1260769225428495,0.1006398403200835,0.07567890429626795,0.0790674158134278,0.08362550512088132,0.06771672054441318
2022-11-01,0.2637171784687275,0.20374738244948998,0.12551451005402886,0.09927078399011834,0.0771057734337256,0.07909948489777394,0.08284086668045779,0.06870402002567802
2022-10-31,0.26229794032589954,0.20539344814280258,0.12449161019226129,0.09865607997639694,0.07880101557787651,0.07854134741369853,0.08290179101179872,0.06891676735926577
2022-10-28,0.26062812380180184,0.20455368023427728,0.12446961451248756,0.09948016783222519,0.07922310666686959,0.07966158823409279,0.0816013876749793,0.07038233104326626
2022-10-27,0.26078550124987615,0.20533379520790843,0.12412084129197325,0.09884827047698977,0.07836236974869254,0.08137428007873426,0.08149933699466531,0.06967560495116029
2022-10-26,0.2607425275433585,0.2051852794470727,0.1247268126057765,0.09949270898768199,0.0786106207992296,0.08106150087081643,0.08144622899189131,0.06873432075417317
2022-10-25,0.2598853715070201,0.20506461307194962,0.1248373610750726,0.09980931103935133,0.07932811904655959,0.08067483278420791,0.08130685069833461,0.06909354077750418
2022-10-24,0.2632795707240313,0.2064026964737197,0.12632336202385042,0.10001732481471609,0.07762032093781542,0.07721629578384137,0.08166516503882658,0.06747526420319909
2022-10-21,0.26465320440070494,0.20702338890561214,0.12609753949658192,0.1003964005061395,0.07724402819939871,0.07695772218395008,0.08129209368160634,0.06633562262600637
2022-10-20,0.2600005359619671,0.20641089004874966,0.126955813816701,0.10037892634577218,0.08122959076174442,0.07828135139370204,0.08100994109473719,0.06573295057662641
2022-10-19,0.25875348220246513,0.2060875388792961,0.12527221988382134,0.10092354265186086,0.08145326025334612,0.081070543464741,0.08060397453199984,0.0658354381324697
2022-10-18,0.25859974009202435,0.20764180986874564,0.1256977502575652,0.10117859299415848,0.08092859787714102,0.08158852418493963,0.07950595379302576,0.06485903093240004
2022-10-17,0.2589028066621914,0.20552934202150036,0.1270302139090779,0.10089434567674857,0.08057417959155488,0.08202797058742857,0.07978967028334744,0.0652514712681509
2022-10-14,0.2580730466513223,0.20128391425650766,0.12957018493418326,0.10229534094617451,0.08089249451789168,0.0812304082876529,0.08105924723748015,0.0655953631687875
2022-10-13,0.2519772332982196,0.19973686020966844,0.12626127038448587,0.10696205934888835,0.08307807621414619,0.08273069277567907,0.08235989869296939,0.06689390907594323
2022-10-12,0.2499249228812596,0.19704734379679947,0.1263619291500034,0.10814853033224565,0.084026627935118,0.08584590679704147,0.08292917665421165,0.06571556245332073
2022-10-11,0.24758760367902902,0.19776561892875832,0.12632671810634308,0.10943941280007362,0.08525120514465692,0.0842977180855046,0.08317223858585877,0.0661594846697756
2022-10-10,0.24875915004074442,0.1987358275238519,0.12699943087823587,0.108739302198199,0.0832795182541595,0.08428294393226436,0.08289951673943828,0.06630431043310676
2022-10-07,0.24930945399686288,0.19789409754890736,0.12712568758046705,0.1086778140818927,0.08358001145133452,0.08454160442818417,0.08245463104009663,0.06641669987225464
2022-10-06,0.24818852722278298,0.19752721632627718,0.12536183990369557,0.10922530272697602,0.08352512205051373,0.08747433977995396,0.08140321105939925,0.06729444093040123
2022-10-05,0.24893660533454623,0.1969222551868568,0.12629708433676995,0.109697384084413,0.08321637235617119,0.08635313183193691,0.08112073824890839,0.06745642862039754
2022-10-04,0.25066628227994686,0.19690288180154764,0.12515173523956966,0.10924723449970111,0.08264540578132742,0.08648669296815907,0.08147891280667266,0.06742085462307564
2022-10-03,0.25078083693645076,0.19799366650374786,0.12516655060625625,0.1095190451652312,0.08331449275704962,0.08376566452709541,0.08107108704068491,0.06838865646348388
2022-09-30,0.25058447748042245,0.19811515839347615,0.12471711388656655,0.11089293949627838,0.08269034625852903,0.0835037128433221,0.08180919364085622,0.06768705800054918
2022-09-29,0.2512923541693853,0.19855366459837784,0.1238085082312798,0.11050008738038462,0.08326066016624432,0.08256825731543149,0.08149356474157646,0.06852290339731995
2022-09-28,0.25128876024856917,0.19779630174993182,0.12264030441398564,0.11081592842653198,0.08349395929824757,0.08265747730195695,0.0813771298021606,0.06993013875861616
2022-09-27,0.251926638457573,0.19905177724345227,0.1230398865577619,0.11057476838866902,0.0835330090961784,0.08055191389807294,0.0806314251563378,0.0706905812019547
2022-09-26,0.2520564331997991,0.20037169261201876,0.12195871890434877,0.11004423500031524,0.08281628194340544,0.08106350109947617,0.08085166630179377,0.07083747093884253
2022-09-23,0.25290963708809866,0.20115873342385657,0.12093371154932149,0.11040971087086941,0.08296960993360926,0.07991192283271303,0.08135810018809436,0.07034857411343724
2022-09-22,0.25144402529479504,0.20103340668255498,0.12123609160156489,0.11203523088032885,0.08255215279584367,0.07974418554663362,0.08225850095027108,0.06969640624800778
2022-09-21,0.2492144358285302,0.2009232538620207,0.1209396281453987,0.11183734868774906,0.08410140226056848,0.08122115756763808,0.08260722458982504,0.06915554905826979
2022-09-20,0.2503855974009763,0.2020787551105814,0.1211867603962971,0.11017166572710901,0.08469228746181548,0.0811870785109228,0.08124288220433405,0.06905497318796387
2022-09-19,0.25038542135395114,0.20110841699485763,0.1212873229697897,0.10989426783745465,0.08403913113134792,0.08327047177424766,0.0809707244814314,0.06904424345691978
2022-09-16,0.2515011455427118,0.20051814010377883,0.12189739057052855,0.10978239034970959,0.08394203472612545,0.08177821632501199,0.08147009873447927,0.0691105836476544
2022-09-15,0.2503288067478349,0.2005117818546956,0.12106454579979643,0.10956867739180814,0.08464429462881995,0.08306177373695706,0.08188221277988827,0.06893790706019955
2022-09-14,0.2491823785513388,0.19884418176901353,0.11994293022073134,0.10935587378530313,0.08561957401117753,0.0845123578747708,0.08164817292954774,0.0708945308581173
2022-09-13,0.2497508324157283,0.19959864314777384,0.1197714042068327,0.10918802290339122,0.08509544595927503,0.08363131153050885,0.08192641259789037,0.07103792723859972
2022-09-12,0.24745833280663923,0.1980248323109121,0.12067062328402693,0.10814525890231307,0.08510406479348988,0.08545100453726212,0.08173827559357735,0.07340760777177925
2022-09-09,0.24701343784329163,0.19813624711462405,0.12134348458897322,0.10839206372086797,0.08383439977577073,0.08532214700702313,0.08195924726018093,0.07399897268926839
2022-09-08,0.24852040592832775,0.19864058961715242,0.12239989790213802,0.1083280809715771,0.0821194650977928,0.08385806146231292,0.08170604844477394,0.07442745057592502
2022-09-07,0.2482722669990005,0.19673585023599693,0.12128090300714951,0.10876259209827649,0.08325414403046338,0.08523051098098906,0.0823248052250892,0.07413892742303489
2022-09-06,0.24831914626124701,0.197463678531851,0.12090071290528753,0.1086412031165898,0.08281701571531314,0.08483677042173517,0.08287131771094022,0.07415015533703599
2022-09-02,0.246660025511126,0.19839187436204872,0.12152531703926778,0.10955414291318874,0.08294433281923268,0.0840502902404095,0.08359738518599348,0.07327663192873285
2022-09-01,0.2471916921744951,0.1976667217356039,0.12182852757909633,0.10873303222530667,0.08326978556456041,0.08393719588770727,0.08369908337106939,0.07367396146216112
2022-08-31,0.24594131401746053,0.19884393720974225,0.12207152185697094,0.1077241138669868,0.08390808755234454,0.08389782112056406,0.08363823145410858,0.07397497292182238
2022-08-30,0.24534470764772362,0.19999866708156527,0.1222424765854718,0.10583381425472,0.0846631648875949,0.084684733329977,0.08317870563467343,0.07405373057827382
2022-08-29,0.2452413089812676,0.19883491828536207,0.1216031988523705,0.10696065197514296,0.08457660698124617,0.0851685329691473,0.08323044774831502,0.07438433420714834
2022-08-26,0.24398368323780517,0.19808897795432903,0.12082158782139656,0.1079681543571263,0.08544193723763595,0.08659868068238477,0.08321472321353462,0.07388225549578772
2022-08-25,0.24313916041483405,0.19717075660457714,0.12022385224904245,0.10778946157564953,0.08493531609628953,0.08931048091630835,0.0826177342701195,0.07481323787317963
2022-08-24,0.24203117992443185,0.19738808656147783,0.12049361860530489,0.10824589385811736,0.08490213399147442,0.08870141145137656,0.08308902428045038,0.07514865132736677
2022-08-23,0.24251825002971525,0.19763293012934932,0.1202967174316501,0.1083584788305748,0.08431455904526418,0.08873986605778111,0.08302859970254968,0.07511059877311548
2022-08-22,0.24398901511938428,0.19864524969746103,0.1199413552633209,0.108136662534476,0.08418729475037079,0.08723205952862369,0.08325321293505325,0.07461515017131012
2022-08-19,0.2429914326441262,0.19882337140162382,0.1199639687694604,0.10777105725496564,0.08483169676727051,0.08738571197682889,0.08317367225110366,0.07505908893462099
2022-08-18,0.2433116161480283,0.19853683844979353,0.11919035812695418,0.10725382168945255,0.08407211088984329,0.08867306072315452,0.0824429223374929,0.0765192716352807
2022-08-17,0.24503941121839762,0.19910811718379087,0.11910653429619836,0.10673439615613371,0.08363029594403738,0.08791726703866473,0.08220373656202545,0.07626024160075175
2022-08-16,0.24539615346888782,0.19896960517031506,0.11807145575475543,0.10653593473230759,0.0837822203887049,0.08818995032722522,0.08191464857735499,0.0771400315804489
2022-08-15,0.24405001786594172,0.19764234177684392,0.11774779677165689,0.10719678691299907,0.08414414051918087,0.08944949535146615,0.08244745941034151,0.07732196139156988
2022-08-12,0.24360659329887216,0.19808915427361068,0.11834087463381618,0.10687139659293571,0.08444224193475824,0.08961884334101798,0.0820494212654843,0.07698147465950475
2022-08-11,0.24358035055058244,0.1991853623854842,0.11848143610763384,0.10689960773947754,0.08435665846264889,0.08876569021539985,0.08289523181346342,0.07583566272530963
2022-08-10,0.24296825941675054,0.19690542388692345,0.11749228653281035,0.10663563971057825,0.08510033850220039,0.09148725812318557,0.08300994221138078,0.07640085161617077
2022-08-09,0.2445662444711083,0.19670219897389718,0.11880447843344738,0.10700241119192513,0.08592514287186033,0.08825846084221102,0.08295432258171326,0.0757867406338375
2022-08-08,0.24368244282412058,0.1952498053849899,0.11886346254030976,0.10716499403494792,0.08555893224225182,0.09039501397519079,0.08291855993474395,0.07616678906344518
2022-08-05,0.24516845189820813,0.1967710212418951,0.11969072082319009,0.10662903144622485,0.08515653523104985,0.0885177274205426,0.08240560921734168,0.07566090272154762
2022-08-04,0.24127271727055336,0.19621415890507873,0.11860768725105475,0.10714350311600919,0.08598845903846916,0.09120155204820579,0.08285134581717542,0.07672057655345374
2022-08-03,0.24293759408218293,0.1967983916787146,0.12120508757450764,0.10630836400643129,0.08484315270017496,0.08927503706640372,0.08283277523751187,0.07579959765407276
2022-08-02,0.24463756556125993,0.19668369824579338,0.12049605122385204,0.10624252104634385,0.0842061714103672,0.09037598883883695,0.08295004657847704,0.07440795709506974
2022-08-01,0.24473310265462075,0.19762174441035604,0.12049086211782775,0.1053289821906571,0.08387248392760654,0.09136508376915269,0.08273555633329509,0.07385218459648421
2022-07-29,0.24627421118123013,0.19746778354338074,0.12095071115955607,0.10519769267882285,0.0839352896004289,0.08999232670156065,0.08275161863424878,0.07343036650077192
2022-07-28,0.2473862796207766,0.19642116230246556,0.12054839789863454,0.10485427733369714,0.08368412686760612,0.09155775211111587,0.08245164883454557,0.0730963550311585
2022-07-27,0.24942927158026054,0.19890268136308897,0.1221805505739091,0.10476702808766104,0.08377859805328579,0.08769760628996015,0.08167273822052416,0.07157152583131028
2022-07-26,0.2505130805475504,0.1997094858085662,0.12237005613218664,0.10468205539077068,0.08447794269870541,0.08571892691050126,0.0818062077427241,0.0707222447689953
2022-07-25,0.24935489540928202,0.1997067914707201,0.12157838985293931,0.1048047518753147,0.08496144882560118,0.08727390438549737,0.08155480149743402,0.07076501668321118
2022-07-22,0.2496950246025615,0.19899501215537407,0.12130494362557401,0.10521520787827274,0.08498513118543287,0.08699446632449649,0.0819453452681548,0.07086486896013362
2022-07-21,0.249633751370672,0.19928297736840447,0.12099377420249703,0.10542782986116614,0.08298785782616255,0.0878522203957434,0.08268726295837973,0.07113432601697477
2022-07-20,0.2494691071037059,0.19877973209354174,0.12016065076073228,0.10452973637089513,0.08280290397888286,0.09130001770595997,0.0818990840466738,0.07105876793960818
2022-07-19,0.2504797542372371,0.199490365904544,0.12113463904582544,0.10472965700005536,0.08248197863983991,0.0897229007900301,0.08134466022398229,0.07061604415848592
2022-07-18,0.2538260844827958,0.20039372695736202,0.1207804157041491,0.10504223060576832,0.08249612101956623,0.08769528943471608,0.0800293241314306,0.06973680766421182
2022-07-15,0.25651897273872165,0.20037772472268314,0.12063224219681595,0.10398723553333167,0.082740033309084,0.08757422802920371,0.07808517414364595,0.07008438932651383
2022-07-14,0.2574249026731132,0.1964773077477391,0.1192498528871589,0.10443910218699264,0.08318103956035923,0.08858094527626102,0.07852975070339034,0.07211709896498567
2022-07-13,0.26094250647937534,0.19673279789521356,0.11764968778447302,0.10256406815504693,0.08311267029854484,0.08836539883875197,0.07915558379138177,0.07147728675721252
2022-07-12,0.2601423514677438,0.19756520159883229,0.11776454340663182,0.10258701523216775,0.08195081804502045,0.0897693937038018,0.07881329413726615,0.07140738240853585
2022-07-11,0.25908134167816077,0.19757922378042103,0.11796181998058165,0.10210658238886522,0.08251789839118791,0.09062306967889375,0.07874283583074793,0.07138722827114188
2022-07-08,0.2593921629332383,0.19726938783514217,0.11769664143199053,0.10209906633478531,0.08221762674961508,0.09041634226455318,0.07867585953817446,0.07223291291250095
2022-07-07,0.2593805807516918,0.19707455590145267,0.1171468669812973,0.1021189893853741,0.08153392584196817,0.09127230061474045,0.07898861925289367,0.07248416127058187
2022-07-06,0.25890017072218885,0.19611415522388895,0.11803467061217326,0.10241750120453226,0.08173733625598704,0.09015512132058714,0.07952686868754955,0.07311417597309296
2022-07-05,0.25836454863572894,0.19607168867790867,0.11880458602629543,0.10243137190086277,0.08191941967759016,0.08944250364309356,0.07977075055660487,0.07319513088191544
2022-07-01,0.26034749651889993,0.19709770887975386,0.11768472117524008,0.10278041549348395,0.08195090467387309,0.08786311153243355,0.07991521511593525,0.07236042661038043
2022-06-30,0.2604856453583052,0.197002810904658,0.11701238796685388,0.10321362390450514,0.08199007047295129,0.08749930918492181,0.08038229058470897,0.0724138616230957
2022-06-29,0.26132398708681703,0.1980848677018441,0.11614968011971731,0.10554802497611754,0.08104926872387623,0.08517829296032556,0.08041870049751645,0.07224717793378575
2022-06-28,0.2597988857739599,0.19850600377934263,0.11631395375283042,0.10442084513442157,0.08177887073131446,0.08779077766208779,0.07859629679893412,0.07279436636710908
2022-06-27,0.2594270801085299,0.19781845227869152,0.11576121847551162,0.102813756845799,0.08246915023470595,0.0900306053603183,0.07844242473536077,0.07323731196108292
2022-06-24,0.2595507985596694,0.19608430489560547,0.11637311329697445,0.10253932900551882,0.08290246925090042,0.0902648108636137,0.07836067255501504,0.07392450157270278
2022-06-23,0.2616226781685089,0.20209954245906328,0.1123266439460801,0.101176571606231,0.08340850193663901,0.08846945672199266,0.07689103251220322,0.07400557264928194
2022-06-22,0.262886585085254,0.20411010713872593,0.11369642730199081,0.10113773327941522,0.08449807177116009,0.08595585060998588,0.07598225228403845,0.0717329725294296
2022-06-21,0.26295287082627666,0.2045727550840644,0.11422949533500303,0.10090652064679093,0.0842604484422882,0.08546694144580079,0.07564659103688774,0.0719643771828881
2022-06-17,0.262462367339173,0.20332545679649888,0.11531254042506338,0.10082071477302539,0.08584137524150202,0.08648168682443383,0.07601282643911302,0.06974303216119039
2022-06-16,0.2642488904266267,0.20354021871168998,0.11319269064789307,0.10260590334430612,0.0821308409943283,0.08621532449603853,0.07767419361158952,0.07039193776752777
2022-06-15,0.2621851601651572,0.1997322799040043,0.1119064163420336,0.10285880171874853,0.08517061371943808,0.09074937657779324,0.07709755271998431,0.07029979885284071
2022-06-14,0.2632248898721562,0.1991626350153823,0.11147605088097556,0.1030319911548183,0.08556185858153355,0.0908733680935292,0.07628736859296345,0.07038183780864142
2022-06-13,0.26319155911638026,0.19930963591622047,0.11417546950143978,0.1016020941382309,0.08511074257845093,0.09131638872995179,0.07521545970152817,0.07007865031779764
2022-06-10,0.26113111781437454,0.19875134611254658,0.11298087212212368,0.10069292057829886,0.08648303594225454,0.0970165920482322,0.07334942445753838,0.06959469092463125
2022-06-09,0.2603737882269754,0.1967034834347509,0.1144201037529349,0.10043902767363078,0.08576335979557184,0.09762211083613992,0.073954046145163,0.07072408013483321
2022-06-08,0.2584949540892493,0.19882505830686603,0.11631538157152058,0.10007240939188185,0.08593376855858477,0.09700602475349994,0.07434756620166687,0.06900483712673076
2022-06-07,0.257737913574499,0.19758826298880403,0.11627712498840498,0.1007051877619485,0.08570552861780215,0.09798742720677683,0.07453268416278237,0.06946587069898202
2022-06-06,0.2585010555555401,0.19759946492007185,0.11602702486038652,0.10072216088676118,0.08533136905326952,0.09768816923542309,0.07471549927772114,0.0694152562108266
2022-06-03,0.25919909443601474,0.19769700177152094,0.11518500746029126,0.09977095599654974,0.08518211542180018,0.0997239214319001,0.07423894606843366,0.0690029574134893
2022-06-02,0.2594055544921543,0.19784585868832716,0.11496329998187105,0.09972266228713784,0.08522558629996035,0.09870410833712225,0.07454240537740749,0.0695905245360196
2022-06-01,0.2590230956136221,0.20056833830883478,0.11620317716129454,0.10094010727141266,0.08474107637538073,0.09552000687163707,0.0750704061923687,0.06793379220544947
2022-05-31,0.25963532598037353,0.2003698089373513,0.11597993455252431,0.10073666787759995,0.0849916012883397,0.09544338493078572,0.07507563243086258,0.06776764400216288
2022-05-27,0.2574987372607878,0.19920562279744441,0.1161704946864781,0.10100050509206064,0.08530093621232128,0.09798106612309009,0.07539917283505733,0.06744346499276027
2022-05-26,0.2577253927636641,0.20028811337164032,0.11717142484838662,0.10079907835598644,0.0844235798311378,0.09720242005907412,0.07537995655663685,0.06701003421347375
2022-05-25,0.2609453707864766,0.20162737554572907,0.11676954897357039,0.1004396420397018,0.08440076101255858,0.0939827452083097,0.07554778272631724,0.06628677370733653
2022-05-24,0.2622171456401793,0.202939488955404,0.11593303803874629,0.10129834446839121,0.0828062499559637,0.09240097210816216,0.07621415011181198,0.06619061072134144
2022-05-23,0.25813875817419707,0.20385534862937058,0.11715901451922026,0.10156327705876154,0.08448116080497305,0.09271891860178076,0.07673296539440085,0.06535055681729585
2022-05-20,0.2540826634716052,0.20112750357378403,0.11644493760813965,0.10236093857389363,0.08507842160909776,0.09612220955051391,0.07771628850092456,0.06706703711204148
2022-05-19,0.25501747219585685,0.20370105033171568,0.11683310941197916,0.10265265757146232,0.08511136083940682,0.09302522881870548,0.07771557194721596,0.06594354888365778
2022-05-18,0.2569650917834313,0.20473840732889745,0.1162841943901751,0.10283381065794746,0.08564233880300819,0.09142796898939362,0.07678056915717743,0.06532761888996945
2022-05-17,0.25410166018141234,0.20532639789628457,0.11731575794937404,0.1027230667879205,0.08630548886414507,0.09245867572969531,0.07614375616193925,0.0656251964292287
2022-05-16,0.25404803467012904,0.2051339524863684,0.11702037341467227,0.1022288967193673,0.08616211314441807,0.09281715956101307,0.07625714314141514,0.06633232686261674
2022-05-13,0.25262090182405855,0.20465479010574833,0.11672915576606796,0.1017547146669962,0.08634278470495509,0.09438368744508388,0.07618334294263975,0.06733062254445031
2022-05-12,0.25586726211937943,0.20853398713704266,0.11695905519239286,0.10146160769745825,0.08518458461942373,0.08893299273215535,0.07592740161486332,0.06713310888728448
2022-05-11,0.2542512964347765,0.20999339484816604,0.11823281296511157,0.10112000798608338,0.08795197812410718,0.08588084539007904,0.07592256080304803,0.06664710344862827
2022-05-10,0.25300759763209607,0.20875712438616645,0.11831289822444571,0.10172701963764771,0.08830099582313829,0.0869590497025576,0.07594803437886499,0.06698728021508325
2022-05-09,0.256417314879041,0.20993508979879572,0.11937462508941105,0.1017006264492917,0.08687290171892591,0.08393374329950808,0.07603717030388957,0.065728528461137
2022-05-06,0.25358186761032175,0.21056474883926848,0.11784038580476405,0.10282388647477801,0.08784215812405596,0.08584305489676458,0.07504134308816716,0.06646255516187995
2022-05-05,0.2520067832212437,0.20942120499587058,0.11747056740094768,0.10288025032350391,0.08916833645407109,0.08808425292484268,0.07448103357286419,0.06648757110665614
2022-05-04,0.25009554229057346,0.20846263819827876,0.11676092581040005,0.10221753704609979,0.08971381761071344,0.09062086894061092,0.0746070612830902,0.06752160882023338
2022-05-03,0.2512565720328708,0.20801129384512124,0.11638677479532944,0.10186855636799647,0.09012200439850586,0.09069910910435032,0.07517620939938165,0.06647948005644425
2022-05-02,0.250431841470984,0.2061229980939798,0.1171747666070934,0.10149242326412315,0.09148901917412357,0.09077620812274738,0.07550356098354394,0.06700918228340463
2022-04-29,0.2506188648024305,0.20551113317296626,0.1182247281174232,0.1007824783088838,0.09405698287204817,0.08800838023874015,0.07503950504523807,0.06775792744226994
2022-04-28,0.24932744558859535,0.20412092176240262,0.11783773784718397,0.10080567930921729,0.09432094333528987,0.0903103367869463,0.07529794947194053,0.06797898589842412
2022-04-27,0.2491228570359072,0.20422857394625718,0.11804064505331391,0.1008557822107322,0.09344541445660852,0.09096902937186331,0.0751830636059582,0.06815463431935938
2022-04-26,0.25105437993906343,0.20425597005544596,0.11740870736031223,0.10051108294780028,0.09347886525300879,0.09032205484800553,0.07475431634126088,0.06821462325510279
2022-04-25,0.2510734498630692,0.20279714171039168,0.11713921775836078,0.10071900438167576,0.09348811853419638,0.09193840980908134,0.07447076193373398,0.06837389600949094
2022-04-22,0.2516129381160944,0.20463984429119234,0.11865981272603522,0.10053579872932487,0.09184832402754414,0.09052703352036887,0.07422440343875503,0.0679518451506851
2022-04-21,0.2506881266986155,0.20514928183796008,0.11874722723780949,0.10207679844285517,0.09144235371989962,0.08921176079659413,0.07508992074097523,0.06759453052529073
2022-04-20,0.2475038758886868,0.2048471748245466,0.11844825729929846,0.10191099905940085,0.0908928331038792,0.09342551517422179,0.07504834432543016,0.06792300032453615
2022-04-19,0.24887682022704813,0.20623705840654621,0.11750858542617641,0.1009064495363474,0.09108986964544957,0.09199461607434904,0.07459521112995131,0.06879138955413189
2022-04-18,0.24937688132110464,0.20709253362653102,0.11852442484412418,0.10038221145187105,0.0918239335429322,0.08969133349646305,0.07491490427046764,0.06819377744650619
2022-04-14,0.24902465759483305,0.20369704610864744,0.11845730192303898,0.10006959543702872,0.09222971939251177,0.09203286132615332,0.07429454380717904,0.07019427441060784
2022-04-13,0.2469899633042506,0.20681954557846582,0.121900189992465,0.09760107414378091,0.08984279165545477,0.0932043245208594,0.07190336918075137,0.07173874162397231
2022-04-12,0.25401249536531484,0.20769974412813247,0.12102517995320163,0.09690970531257183,0.08740243320607352,0.09036664112491098,0.07107475566999343,0.07150904523980126
2022-04-11,0.2544644054715346,0.20799172130051213,0.12216315062486095,0.09611936308808935,0.08759819979492683,0.08903637399055113,0.07063532649776363,0.07199145923176126
2022-04-08,0.2539906652744422,0.20726041794938965,0.12001047163263184,0.09563375637494854,0.09012149025052325,0.09024777813308807,0.0703829433988504,0.07235247698612611
2022-04-07,0.2519360234832155,0.20787000866097838,0.11875634699331099,0.09552813381947062,0.0903799123590627,0.0916878426901081,0.06949081970302648,0.07435091229082723
2022-04-06,0.25129835349127433,0.20833995741280503,0.11846647424186085,0.09499647812373291,0.09052736941816099,0.09322755691083383,0.069568041265624,0.07357576913570826
2022-04-05,0.2504446722646295,0.20702074219616387,0.11698513316758158,0.09577482004771476,0.08978654540026948,0.0957828858043413,0.07003377445670668,0.07417142666259266
2022-04-04,0.2501213464091938,0.20633070963017,0.1154347226228949,0.09604325921746015,0.08904739992096943,0.0991347039766379,0.06952066736236363,0.0743671908603101
2022-04-01,0.24984639717474333,0.20737273319261773,0.11641663322531941,0.09604291535267226,0.08911065240640113,0.09760610623175603,0.07017919976050954,0.07342536265598065
2022-03-31,0.2512591059201887,0.20861972405955412,0.11561105144792788,0.09632221738213508,0.08886976359879252,0.09652586256715799,0.07003108722532052,0.07276118779892331
2022-03-30,0.2521958177671587,0.21168474023981548,0.11628241993721543,0.09676809663025199,0.08771842139000334,0.09410407751238674,0.06925086834172105,0.07199555818144715
2022-03-29,0.2501365458114169,0.21114312876287508,0.1182239320975656,0.09720456723362192,0.0871463282370137,0.09623531172672802,0.06920294938799387,0.07070723674278492
2022-03-28,0.2518593815662538,0.21360476808919937,0.11978568968444339,0.09748066738570967,0.08736855512246555,0.09176870213375607,0.06893687634740908,0.06919535967076301
2022-03-25,0.2520733869639624,0.21308164312131586,0.1207231275999326,0.09942255177336495,0.08706121859129853,0.09063272178779173,0.06893211755124622,0.06807323261108775
2022-03-24,0.25196759953811315,0.21161161713638912,0.11887881315140755,0.09997837953721968,0.08714423065289378,0.09278926402874647,0.06924619024779888,0.06838390570743123
2022-03-23,0.2515412524257039,0.2127276009404331,0.11896158868271411,0.10073159113425274,0.08623270855958745,0.09181119595318578,0.06945081501624965,0.06854324728787314
2022-03-22,0.2505182097834908,0.21289611894053032,0.12127478565605312,0.10028258507926122,0.08657453020876295,0.09131839013665906,0.06928454281805735,0.06785083737718527
2022-03-21,0.2513455730573634,0.21152559627211376,0.11902625011189523,0.10099775909143076,0.08766920470194527,0.0909646380218148,0.07016211018132125,0.06830886856211556
2022-03-18,0.25043813586526087,0.21037919296451132,0.11886284662826256,0.10270363891819978,0.08782269697178349,0.0905145655987975,0.07099521769927912,0.0682837053539052
2022-03-17,0.2524359993653241,0.21168531767401044,0.11937860259668966,0.10198594594170601,0.08636869505376557,0.08864312178543834,0.07078523168051222,0.06871708590255371
2022-03-16,0.2527006822160861,0.21343974689154138,0.1212969251778437,0.1010707110372716,0.08457428989246449,0.08695098197990901,0.07123095389568314,0.06873570890920061
2022-03-15,0.25152130144971774,0.2151957810991149,0.12248379128910683,0.0988752933143542,0.0857160313725527,0.08548093680314497,0.07154621997038528,0.06918064470162348
2022-03-14,0.2502959143031554,0.21637210770378504,0.12343118422866065,0.09827213572205742,0.08520943848550666,0.08581655504366517,0.07154130646423716,0.06906135804893247
2022-03-11,0.24962979217409942,0.21333721309100587,0.12085927289313317,0.09952138677660585,0.0833977109883697,0.09223194310533055,0.07250722032250534,0.06851546064895
2022-03-10,0.25214548664918496,0.21240928827078065,0.1206570202705614,0.09904455460700325,0.08317450375922596,0.09169866887329876,0.0722229542093395,0.06864752336060555
2022-03-09,0.2535221449239202,0.21296018887311244,0.12024624060379242,0.10017120352659528,0.0821755190484347,0.09054630053211915,0.07255975674264294,0.06781864574938277
2022-03-08,0.2564382674650165,0.2106648896616626,0.11955428572097035,0.10045114790106711,0.08204235143775158,0.0890891874996686,0.07353952557704126,0.06822034473682193
2022-03-07,0.25815295259895416,0.20921570520346805,0.11783411051866047,0.10057936814292115,0.08153785381257168,0.08939759490279384,0.07362876004100584,0.06965365477962486
2022-03-04,0.2540830106500518,0.2114421022515681,0.11875090883942724,0.09848964760428551,0.08408265690785861,0.09399281244515222,0.07135054492166587,0.06780831637999056
2022-03-03,0.2526658285168396,0.2120331028019096,0.12052985126929307,0.0967504295758069,0.08452248507916389,0.09435566407229795,0.06974083269306441,0.06940180599162465
2022-03-02,0.25139691453502716,0.2127716811377817,0.12134945173111844,0.09623360919772238,0.08369519015948214,0.09645125835905993,0.06950879138368704,0.06859310349612127
2022-03-01,0.25221341954315296,0.21440658290703143,0.11967572081826336,0.09771225902474906,0.08463899958209825,0.09387154656977104,0.06944925237801292,0.06803221917692104
2022-02-28,0.25063902232813096,0.21351196439988293,0.12145053317349822,0.09675486776839659,0.08842821744748867,0.09245692915750582,0.06905505540431843,0.0677034103207785
2022-02-25,0.2555128564558495,0.21245749857902263,0.12029466946497004,0.0984922839129874,0.08602023534675068,0.09125286867480865,0.06920699332061628,0.06676259424499476
2022-02-24,0.257201693289205,0.21201652236241697,0.1211595026697508,0.09854788468739008,0.08618483489451605,0.08855313435469732,0.06929062952351907,0.06704579821850463
2022-02-23,0.25988084799239036,0.21389670423650092,0.12181273690889609,0.09863655541330178,0.08492761185657983,0.0866615218286625,0.06826305292897882,0.06592096883468955
2022-02-22,0.2608806591494759,0.21388537795075285,0.12267234374350325,0.09818625614353481,0.08501092473552403,0.0857302146761783,0.0676963019093394,0.06593792169169141
2022-02-18,0.2593346946904516,0.21410396993965655,0.1224996952929862,0.09812015242929412,0.08542676944538576,0.08663777848454582,0.06752099105133581,0.06635594866634396
2022-02-17,0.25711095760289016,0.21680116133426022,0.12315928599928463,0.09848260866935721,0.08545376115427536,0.08448760491896246,0.06784269092680933,0.06666192939416053
2022-02-16,0.25523126704250915,0.21760714620871355,0.12367614621734117,0.10047769352041325,0.08400585690310626,0.0847111412461803,0.0678665690596166,0.0664241798021197
2022-02-15,0.25426975650559275,0.21768074213099606,0.12394273616031214,0.10254072103296653,0.08367179237718513,0.0833243851812706,0.06846486907288168,0.06610499753879506
2022-02-14,0.2543362624115618,0.2192114317072827,0.12464619398221939,0.10320217917446496,0.08250278576656156,0.08202706024639592,0.06877802457005575,0.06529606214145797
2022-02-11,0.25401441270516095,0.2191870250747819,0.12431258119582987,0.10410509965474764,0.08140368249527287,0.08274922938307608,0.06858540519508986,0.06564256429604087
2022-02-10,0.2501244377329248,0.21804417368120077,0.12788713690778547,0.1040790948791205,0.08063975952533334,0.08755430307883165,0.06740442977212645,0.06426666442267699
2022-02-09,0.2493673955430994,0.21749703422694824,0.12699235316881416,0.10444770254204844,0.08042644956762791,0.08697222456886362,0.06763645424574097,0.06666038613685732
2022-02-08,0.250738175290482,0.22004975835945897,0.1275496200607373,0.10315117229225387,0.08021328709890606,0.08397209321829138,0.06748414305866329,0.06684175062120722
2022-02-07,0.2493276612495416,0.21900114434326803,0.12609519547918963,0.10335110857956047,0.07869503238667673,0.08700733401298268,0.06800695357389734,0.06851557037488366
2022-02-04,0.25006232230937675,0.21933582370747484,0.12467619734901414,0.10294413728555973,0.07833929295116358,0.0879611437401889,0.06833314004964063,0.06834794260758145
2022-02-03,0.2488619421857989,0.21536787837254365,0.12467710746605924,0.10327192872890086,0.0792080358792666,0.09106081131618311,0.06811577086693255,0.0694365251843151
2022-02-02,0.24745113861442866,0.2144800544330408,0.12463872156367088,0.1034600490312293,0.07972317628499992,0.0924007928190639,0.06795164739440948,0.06989441985915693
2022-02-01,0.24952239478753352,0.21477275699115006,0.12394025529549815,0.10352076290177267,0.07947845986728347,0.0903986353095585,0.06815907399726999,0.07020766084993371
2022-01-31,0.25003984974605686,0.21518041386741404,0.12223875329414494,0.10408432372235046,0.07936805730016272,0.09010590303684506,0.06768295679367954,0.07129974223934656
2022-01-28,0.25009253355674493,0.21669024780734947,0.12471861089398993,0.10544123351694391,0.07916144160745694,0.08595373422949394,0.06707683295692683,0.07086536543109406
2022-01-27,0.2515542601458746,0.21798902139532406,0.12556552462866952,0.10632309947764046,0.07799524969386734,0.08355173337337904,0.06689970122997276,0.07012141005527238
2022-01-26,0.2551368236787726,0.2192463770353172,0.12599098735563538,0.10490821257726114,0.07925630303971995,0.07795260261945915,0.06697764404620056,0.07053104964763415
2022-01-25,0.2550121905330172,0.21895286015584903,0.12583258859345695,0.10465755664034779,0.07896100199947297,0.07778573665393759,0.06735718443868807,0.07144088098523033
2022-01-24,0.25646690112891873,0.21829023411225013,0.12728529310245315,0.10537052144899653,0.07370129013262536,0.07847242960321059,0.06884864111363061,0.071564689357915
2022-01-21,0.2553449102374682,0.21894392524565265,0.12744600769237835,0.10564910741683237,0.07322546475878054,0.07833741874785945,0.06858970163057994,0.07246346427044835
2022-01-20,0.25523756457742014,0.21900111199726555,0.12826831777619963,0.10477758072747378,0.07290341192636399,0.07818376955978223,0.06818342637389027,0.07344481706160426
2022-01-19,0.2566674859599976,0.22164317972059466,0.1292123561067613,0.1001756787314868,0.07289896981386904,0.07844045014894781,0.06782843309532216,0.07313344642302053
2022-01-18,0.2583095531798956,0.2187594301440359,0.1306077957228311,0.09747366178067489,0.07436976058152558,0.078870393890204,0.06857604446292917,0.07303336023790359
2022-01-14,0.26013829117624615,0.21859957983781778,0.12906297492710436,0.09891990339918066,0.0727189915768342,0.07756808285078505,0.07111963825351823,0.07187253797851367
2022-01-13,0.2697692447276314,0.21653404143989466,0.12115797324303804,0.09985049525885206,0.07283138940232428,0.07732916086454099,0.07101077248551677,0.07151692257820187
2022-01-12,0.2684428388710779,0.21564209704327728,0.12127203794395361,0.099719514138568,0.07287581983690268,0.07904992069517898,0.07048506201911861,0.07251270945192294
2022-01-11,0.2657760314623322,0.21624884096177227,0.1200203820205704,0.10205410287418615,0.07293955303595329,0.0780394325396128,0.07247087063682953,0.07245078646874349
2022-01-10,0.26861389677861136,0.21753509446318578,0.11988731342575122,0.10150374295534911,0.07310322569015754,0.07466999664267526,0.07261345312423217,0.07207327692003769
2022-01-07,0.2677395835216194,0.21814348101848405,0.11835808875756113,0.10119239458970868,0.07320369393485496,0.07575151733001327,0.07214517096110691,0.07346606988665155
2022-01-06,0.2675722880007719,0.21546662545927456,0.11696971540032398,0.10151278798510825,0.07325575523993766,0.07809936834106614,0.07270825323439252,0.07441520633912525
2022-01-05,0.26826707091788904,0.21401190402981654,0.11555802856244461,0.10112711221058289,0.0737368590777293,0.07822422959607092,0.07398694823570097,0.07508784736976572
2022-01-04,0.2686629883900378,0.21274653242736252,0.11392936904275261,0.10134014811166889,0.07283985723407273,0.0810897796718351,0.07391303418585901,0.07547829093641133
2022-01-03,0.2668501378999229,0.2110497460504321,0.11295286617505709,0.10039390697413829,0.07275541540306023,0.08472671935647297,0.07392590388670968,0.0773453042542068
