Date;Technology Return;Financials Return;Energy Return;Technology Portfolio;Financials Portfolio;Energy Portfolio;Technology Return Weekly
03.01.22;0.010215896;0.032202658;0.035932539;101.0215896;103.2202658;103.5932539;
04.01.22;-0.007293553;0.034097746;0.036151316;100.2847833;106.7398442;107.3382863;
05.01.22;-0.033188758;-0.018936239;0.001730993;96.95645588;104.718593;107.5240881;
06.01.22;-0.002345825;0.014998896;0.021112392;96.72901305;106.2892563;109.7941788;
07.01.22;-0.00356803;0.012067888;0.014261732;96.38388105;107.5719431;111.360034;
08.01.22;-0.00356803;0.012067888;0.014261732;96.38388105;107.5719431;111.360034;
09.01.22;-0.00356803;0.012067888;0.014261732;96.38388105;107.5719431;111.360034;-0.006188047
10.01.22;-0.001386732;0.000476507;-0.003079967;96.25022243;107.6232019;111.0170487;-0.007845565
11.01.22;0.010880188;0.010177258;0.036920155;97.2974429;108.7185111;115.1158154;-0.005249317
12.01.22;0.00562474;-0.002077692;-0.000905866;97.84471572;108.4926275;115.0115359;0.000295469
13.01.22;-0.022266979;-0.005532378;-0.007422595;95.66600949;107.8924053;114.1578518;-0.00255041
14.01.22;0.008952935;-0.016913606;0.023498042;96.52250102;106.0675557;116.8403378;-0.000761701
15.01.22;0.008952935;-0.016913606;0.023498042;96.52250102;106.0675557;116.8403378;0.001027008
16.01.22;0.008952935;-0.016913606;0.023498042;96.52250102;106.0675557;116.8403378;0.002815717
17.01.22;0.008952935;-0.016913606;0.023498042;96.52250102;106.0675557;116.8403378;0.004292812
18.01.22;-0.023152921;-0.033784427;0.00865475;94.28772322;102.4841241;117.8515616;-0.00056906
19.01.22;-0.007905328;-0.01238464;-0.003081904;93.54234783;101.2148951;117.4883545;-0.002501927
20.01.22;-0.009219959;-0.00528011;-0.003992419;92.67989126;100.6804693;117.0192918;-0.000638067
21.01.22;-0.02410135;-0.019169562;-0.017497987;90.44618075;98.75046886;114.9716897;-0.005360108
22.01.22;-0.02410135;-0.019169562;-0.017497987;90.44618075;98.75046886;114.9716897;-0.010082148
23.01.22;-0.02410135;-0.019169562;-0.017497987;90.44618075;98.75046886;114.9716897;-0.014804189
24.01.22;0.000572378;-0.00512;0.005742387;90.4979502;98.24486644;115.6319017;-0.016001411
25.01.22;-0.021249329;0.015074646;0.040404492;88.57492945;99.72587306;120.3039499;-0.01572947
26.01.22;0.010559624;0.008938287;0.000437743;89.51024737;100.6172515;120.3566122;-0.013091619
27.01.22;0.000613776;-0.007466958;0.009626285;89.5651866;99.86594674;121.5151992;-0.0116868
28.01.22;0.04922256;0.012851664;-0.0056816;93.9738144;101.1493904;120.8247984;-0.001211956
29.01.22;0.04922256;0.012851664;-0.0056816;93.9738144;101.1493904;120.8247984;0.009262888
30.01.22;0.04922256;0.012851664;-0.0056816;93.9738144;101.1493904;120.8247984;0.019737733
31.01.22;0.019397948;0.008803247;0.003498864;95.79671352;102.0398335;121.2475479;0.0224271
01.02.22;0.008755534;0.021775289;0.039965748;96.63546492;104.2617803;126.0932969;0.026713509
02.02.22;0.026584191;-8.31E-05;0.001634661;99.20444055;104.2531193;126.2994167;0.029002733
03.02.22;-0.064177754;-0.011627059;-0.010010033;92.8377224;103.0409621;125.0351553;0.0197468
04.02.22;0.000519319;0.02246205;0.014758936;92.8859348;105.3554733;126.8805412;0.012789194
05.02.22;0.000519319;0.02246205;0.014758936;92.8859348;105.3554733;126.8805412;0.005831588
06.02.22;0.000519319;0.02246205;0.014758936;92.8859348;105.3554733;126.8805412;-0.001126018
07.02.22;-0.019880482;0.008430779;0.016881762;91.03931762;106.2437021;129.0225083;-0.006737222
08.02.22;0.004736006;0.016425606;-0.023186195;91.47048033;107.9888193;126.0309673;-0.00731144
09.02.22;0.021477391;0.007205396;0.001109748;93.43502762;108.7669215;126.1708298;-0.008040983
10.02.22;-0.022861776;-0.006378011;-0.008342076;91.29893697;108.0732048;125.1183032;-0.002138701
11.02.22;-0.025341078;-0.018257525;0.027416416;88.98532351;106.1000556;128.5485986;-0.005833043
12.02.22;-0.025341078;-0.018257525;0.027416416;88.98532351;106.1000556;128.5485986;-0.009527385
13.02.22;-0.025341078;-0.018257525;0.027416416;88.98532351;106.1000556;128.5485986;-0.013221728
14.02.22;0.002364878;-0.009496209;-0.020503401;89.1957629;105.0925073;125.9129151;-0.010043819
15.02.22;0.017474884;0.013725229;-0.011586964;90.75444853;106.534926;124.4539667;-0.008223979
16.02.22;-0.001917757;-0.002274714;0.006785963;90.58040354;106.2925895;125.2985068;-0.011566143
17.02.22;-0.030575391;-0.029896913;-0.002915414;87.8108723;103.1147692;124.9332098;-0.012668089
18.02.22;-0.010608192;-0.003370137;-0.010037494;86.87935769;102.7672583;123.6791935;-0.010563391
19.02.22;-0.010608192;-0.003370137;-0.010037494;86.87935769;102.7672583;123.6791935;-0.008458693
20.02.22;-0.010608192;-0.003370137;-0.010037494;86.87935769;102.7672583;123.6791935;-0.006353995
21.02.22;-0.010608192;-0.003370137;-0.010037494;86.87935769;102.7672583;123.6791935;-0.00820729
22.02.22;-0.009658421;-0.006844268;-0.013643914;86.04024027;102.0638916;121.9917252;-0.012083477
23.02.22;-0.022085784;-0.018870467;0.00915274;84.13997407;100.1378983;123.1082837;-0.014964624
24.02.22;0.033390001;-0.019246799;-0.011107507;86.94940787;98.21056429;121.7408576;-0.00582671
25.02.22;0.011530595;0.028553515;0.02627073;87.95198624;101.0148211;124.9390788;-0.002664027
26.02.22;0.011530595;0.028553515;0.02627073;87.95198624;101.0148211;124.9390788;0.000498657
27.02.22;0.011530595;0.028553515;0.02627073;87.95198624;101.0148211;124.9390788;0.003661341
28.02.22;0.000469229;-0.022260527;0.024059275;87.9932559;98.76617795;127.9450225;0.00524383
01.03.22;-0.019043669;-0.046427962;0.01385209;86.31754148;94.1806656;129.7173285;0.00390308
02.03.22;0.013729437;0.0259078;0.022828045;87.50263271;96.62067946;132.6785215;0.00901954
03.03.22;-0.009812675;-0.01206492;0.002108699;86.64399779;95.45495866;132.9583006;0.002847729
04.03.22;-0.018050917;-0.035837919;0.0351813;85.07999416;92.03405157;137.6359465;-0.001378201
05.03.22;-0.018050917;-0.035837919;0.0351813;85.07999416;92.03405157;137.6359465;-0.005604131
06.03.22;-0.018050917;-0.035837919;0.0351813;85.07999416;92.03405157;137.6359465;-0.009830061
07.03.22;-0.041380419;-0.052002777;0.028247721;81.55934831;87.24802527;141.5238483;-0.015808583
08.03.22;-0.000473187;0.001908957;0.020532993;81.52075547;87.41457804;144.4297565;-0.013155657
09.03.22;0.042997687;0.051760781;-0.036015291;85.02595942;91.93922484;139.2280768;-0.008974478
10.03.22;-0.015072907;-0.00621433;0.027969301;83.74437101;91.36788415;143.1221888;-0.00972594
11.03.22;-0.021258054;-0.013146436;-0.006247224;81.96412868;90.16672208;142.2280724;-0.010184102
12.03.22;-0.021258054;-0.013146436;-0.006247224;81.96412868;90.16672208;142.2280724;-0.010642264
13.03.22;-0.021258054;-0.013146436;-0.006247224;81.96412868;90.16672208;142.2280724;-0.011100427
14.03.22;-0.015853622;0.01394185;-0.029475861;80.66470039;91.42381297;138.0357776;-0.007453741
15.03.22;0.030672892;0.011715622;-0.045364766;83.13892005;92.49489984;131.7738167;-0.003004301
16.03.22;0.033405382;0.037141856;-0.008988308;85.91620743;95.93033206;130.589393;-0.004374631
17.03.22;0.006875337;0.009859788;0.031750085;86.50691028;96.87618484;134.7356174;-0.001239167
18.03.22;0.022438114;0.002217702;-0.001469182;88.44796217;97.09102733;134.5376663;0.005003142
19.03.22;0.022438114;0.002217702;-0.001469182;88.44796217;97.09102733;134.5376663;0.011245452
20.03.22;0.022438114;0.002217702;-0.001469182;88.44796217;97.09102733;134.5376663;0.017487761
21.03.22;-0.003481886;-0.00634615;0.038328452;88.13999645;96.47487307;139.6942868;0.019255152
22.03.22;0.020039036;0.027736346;-0.005299095;89.90623698;99.15073348;138.9540335;0.01773603
23.03.22;-0.00862599;-0.027266963;0.016602952;89.13070666;96.4471941;141.2610806;0.011731548
24.03.22;0.022677609;0.004532464;0.000249821;91.15197801;96.88433749;141.2963706;0.013989016
25.03.22;0.002696342;0.012090734;0.020704817;91.39775492;98.05574029;144.2218861;0.011168763
26.03.22;0.002696342;0.012090734;0.020704817;91.39775492;98.05574029;144.2218861;0.00834851
27.03.22;0.002696342;0.012090734;0.020704817;91.39775492;98.05574029;144.2218861;0.005528256
28.03.22;0.008022999;-0.006954782;-0.026463389;92.13103902;97.37378402;140.4052862;0.007171811
29.03.22;0.019312265;0.005046339;-0.002857433;93.91029805;97.86516513;140.0040876;0.007067987
30.03.22;-0.007819763;-0.014225463;0.009890329;93.1759418;96.47298788;141.3887741;0.007183162
31.03.22;-0.017900145;-0.028801155;-0.014603252;91.50807896;93.69445437;139.3240381;0.00138634
01.04.22;0.005901639;-0.001001682;0.007792381;92.04812662;93.60060229;140.409704;0.00184424
02.04.22;0.005901639;-0.001001682;0.007792381;92.04812662;93.60060229;140.409704;0.00230214
03.04.22;0.005901639;-0.001001682;0.007792381;92.04812662;93.60060229;140.409704;0.002760039
04.04.22;0.021679244;0.001076752;0.000335305;94.04366044;93.70138691;140.4567841;0.004710931
05.04.22;-0.015077806;-0.016089482;-0.011446441;92.62568842;92.19378011;138.8490538;-0.000201936
06.04.22;-0.028850155;-0.013751947;0.008163815;89.95342296;90.92593612;139.9825918;-0.003206278
07.04.22;-0.001274671;-0.004405754;0.015138112;89.83876194;90.52533881;142.101664;-0.00083121
08.04.22;-0.011277914;0.013249956;0.026199288;88.82556812;91.72479559;145.8246265;-0.003285432
09.04.22;-0.011277914;0.013249956;0.026199288;88.82556812;91.72479559;145.8246265;-0.005739654
10.04.22;-0.011277914;0.013249956;0.026199288;88.82556812;91.72479559;145.8246265;-0.008193876
11.04.22;-0.028269649;-0.001456602;-0.033156759;86.31450045;91.59118904;140.9895544;-0.015329432
12.04.22;-0.004038511;-0.011651444;0.018394781;85.9659184;90.52401942;143.5830265;-0.01375239
13.04.22;0.015311395;-0.005717074;0.013513149;87.2821765;90.00648687;145.5232852;-0.007443597
14.04.22;-0.023170262;-0.023139267;0.006643625;85.25982561;87.92380269;146.4900874;-0.010571538
15.04.22;-0.023170262;-0.023139267;0.006643625;85.25982561;87.92380269;146.4900874;-0.012270445
16.04.22;-0.023170262;-0.023139267;0.006643625;85.25982561;87.92380269;146.4900874;-0.013969352
17.04.22;-0.023170262;-0.023139267;0.006643625;85.25982561;87.92380269;146.4900874;-0.015668259
18.04.22;0.003085405;0.018367884;0.011822591;85.52288667;89.5387769;148.2219798;-0.011188966
19.04.22;0.018355878;0.020040921;-0.008909351;87.09273435;91.33321644;146.9014182;-0.007989767
20.04.22;-0.013655302;0.009600343;0.002570071;85.90345674;92.21004666;147.2789653;-0.012127867
21.04.22;-0.02126025;-0.017695431;-0.026380841;84.07712777;90.5783501;143.3936223;-0.011855008
22.04.22;-0.030108049;-0.03171179;-0.018252918;81.54572946;87.7059485;140.7762704;-0.01284612
23.04.22;-0.030108049;-0.03171179;-0.018252918;81.54572946;87.7059485;140.7762704;-0.013837233
24.04.22;-0.030108049;-0.03171179;-0.018252918;81.54572946;87.7059485;140.7762704;-0.014828345
25.04.22;0.016875479;-0.00133701;-0.035576235;82.92185267;87.58868481;135.7679807;-0.012858335
26.04.22;-0.036731537;-0.028418258;0.001561616;79.87600555;85.09956699;135.9799982;-0.020727966
27.04.22;0.003111692;-0.004926605;0.016329523;80.12455506;84.68031506;138.2004867;-0.018332681
28.04.22;0.056582262;0.015009947;0.028266229;84.65818365;85.95136212;142.1068933;-0.007212322
29.04.22;-0.036510476;-0.035421337;-0.024684202;81.56727308;82.90684993;138.599098;-0.008126954
30.04.22;-0.036510476;-0.035421337;-0.024684202;81.56727308;82.90684993;138.599098;-0.009041587
01.05.22;-0.036510476;-0.035421337;-0.024684202;81.56727308;82.90684993;138.599098;-0.009956219
02.05.22;0.018440516;0.007350805;0.013898531;83.07141569;83.51628199;140.5254218;-0.009732642
03.05.22;0.001697205;0.016819515;0.022078312;83.21240493;84.92098533;143.6279859;-0.004242822
04.05.22;0.039135812;0.038262906;0.0403299;86.46898997;88.17030904;149.4204882;0.000903481
05.05.22;-0.051071222;-0.030231614;-0.011112422;82.052913;85.50477826;147.7600647;-0.014475588
06.05.22;-0.007617286;-0.005835408;0.024359688;81.42789247;85.00582299;151.3594538;-0.010347989
07.05.22;-0.007617286;-0.005835408;0.024359688;81.42789247;85.00582299;151.3594538;-0.006220391
08.05.22;-0.007617286;-0.005835408;0.024359688;81.42789247;85.00582299;151.3594538;-0.002092792
09.05.22;-0.035963632;-0.021690045;-0.081670701;78.49944968;83.16204284;138.9978211;-0.009864814
10.05.22;0.013874057;-0.014520081;0.007199087;79.58855555;81.95452324;139.9984786;-0.008125263
11.05.22;-0.027663789;-0.010631471;0.015424757;77.38683452;81.0832261;142.1579211;-0.017668064
12.05.22;-0.012353983;-0.009799979;0.000520383;76.43079886;80.28861216;142.2318976;-0.012137029
13.05.22;0.030425055;0.018870653;0.032018684;78.75621016;81.80371068;146.7859758;-0.006702409
14.05.22;0.030425055;0.018870653;0.032018684;78.75621016;81.80371068;146.7859758;-0.001267789
15.05.22;0.030425055;0.018870653;0.032018684;78.75621016;81.80371068;146.7859758;0.004166831
16.05.22;-0.006157529;-0.011375862;0.027393187;78.27126652;80.87312294;150.8069115;0.008424846
17.05.22;0.02204049;0.033329606;0.011278872;79.99640355;83.56859226;152.5078433;0.009591479
18.05.22;-0.04482934;-0.028646879;-0.026101537;76.41021761;81.17461294;148.5271542;0.007139258
19.05.22;-0.013632777;-0.006994753;-0.000634885;75.36853417;80.6068166;148.4328566;0.006956573
20.05.22;-0.000543204;-0.006298794;0.005520495;75.32759367;80.09909091;149.2522795;0.002532536
21.05.22;-0.000543204;-0.006298794;0.005520495;75.32759367;80.09909091;149.2522795;-0.001891501
22.05.22;-0.000543204;-0.006298794;0.005520495;75.32759367;80.09909091;149.2522795;-0.006315538
23.05.22;0.028986155;0.048603123;0.028493474;77.51105096;83.99215689;153.5049954;-0.001295012
24.05.22;-0.031854878;-0.002671784;0.004114251;75.04194586;83.76774799;154.1365535;-0.00899435
25.05.22;0.005855719;0.012504813;0.020094405;75.48137039;84.81524801;157.2338358;-0.001753628
26.05.22;0.022733189;0.028766485;0.010624606;77.19730264;87.25508453;158.9043833;0.00344151
27.05.22;0.032469818;0.012914248;0.01488887;79.70388504;88.38191834;161.27029;0.008157656
28.05.22;0.032469818;0.012914248;0.01488887;79.70388504;88.38191834;161.27029;0.012873802
29.05.22;0.032469818;0.012914248;0.01488887;79.70388504;88.38191834;161.27029;0.017589948
30.05.22;0.032469818;0.012914248;0.01488887;79.70388504;88.38191834;161.27029;0.018087615
31.05.22;-0.00074694;0.00018374;-0.019460393;79.64435105;88.39815763;158.1319069;0.022531606
01.06.22;-0.00468586;-0.014985744;0.017407692;79.27114874;87.07344548;160.8846184;0.021025666
02.06.22;0.02577418;0.011326861;-0.003142233;81.31429757;88.0597143;160.3790814;0.021460093
03.06.22;-0.027869892;-0.013371005;0.01473909;79.04807686;86.88226745;162.7429232;0.012840135
04.06.22;-0.027869892;-0.013371005;0.01473909;79.04807686;86.88226745;162.7429232;0.004220176
05.06.22;-0.027869892;-0.013371005;0.01473909;79.04807686;86.88226745;162.7429232;-0.004399783
06.06.22;0.008605965;0.001572564;-0.002871367;79.72836186;87.01889537;162.2756286;-0.007808905
07.06.22;0.010439901;0.005711893;0.034184997;80.56071809;87.51593799;167.8230205;-0.006210784
08.06.22;-0.002897475;-0.018108473;0.005277127;80.32729542;85.931158;168.708644;-0.005955301
09.06.22;-0.032733967;-0.031372118;-0.023618695;77.69786439;83.23531554;164.723966;-0.014313607
10.06.22;-0.03887254;-0.050993859;-0.015924044;74.67755104;78.99082561;162.1008944;-0.015885414
11.06.22;-0.03887254;-0.050993859;-0.015924044;74.67755104;78.99082561;162.1008944;-0.017457221
12.06.22;-0.03887254;-0.050993859;-0.015924044;74.67755104;78.99082561;162.1008944;-0.019029028
13.06.22;-0.044236879;-0.032404938;-0.049574634;71.37404923;76.43113284;154.0648018;-0.026578006
14.06.22;0.005047901;-0.021231236;-0.000281569;71.73433839;74.8084054;154.021422;-0.027348291
15.06.22;0.025185675;0.016785077;-0.020170169;73.54101611;76.06407022;150.9147839;-0.023336413
16.06.22;-0.037474115;-0.020159875;-0.050046153;70.78513159;74.53062809;143.3620795;-0.024013577
17.06.22;0.011225406;0.006933511;-0.051969971;71.5797234;75.04738704;135.9115564;-0.016856728
18.06.22;0.011225406;0.006933511;-0.051969971;71.5797234;75.04738704;135.9115564;-0.009699878
19.06.22;0.011225406;0.006933511;-0.051969971;71.5797234;75.04738704;135.9115564;-0.002543029
20.06.22;0.011225406;0.006933511;-0.051969971;71.5797234;75.04738704;135.9115564;0.005380155
21.06.22;0.021852743;0.021472924;0.054091672;73.14393668;76.65887387;143.2632397;0.007780846
22.06.22;-0.003221771;-0.006471764;-0.039809479;72.90828365;76.16275576;137.5600047;0.00372264
23.06.22;0.015920168;-0.009649751;-0.035256734;74.0689958;75.42780412;132.7100883;0.011350395
24.06.22;0.042489722;0.043794519;0.018697916;77.21616682;78.73112855;135.1914904;0.015816725
25.06.22;0.042489722;0.043794519;0.018697916;77.21616682;78.73112855;135.1914904;0.020283056
26.06.22;0.042489722;0.043794519;0.018697916;77.21616682;78.73112855;135.1914904;0.024749387
27.06.22;-0.008429977;-0.008304911;0.021708735;76.56523634;78.07727355;138.1263267;0.021941475
28.06.22;-0.034079037;-0.004583361;0.026977487;73.95596685;77.7194172;141.8526279;0.013951221
29.06.22;0.00968935;-0.009263428;-0.030952662;74.67255213;76.99946899;137.4619114;0.015795667
30.06.22;-0.018214569;-0.017991303;-0.019751538;73.31242376;75.61414818;134.7468271;0.010919276
01.07.22;0.006127568;0.014259211;0.015895778;73.76165062;76.69234627;136.8887328;0.005724683
02.07.22;0.006127568;0.014259211;0.015895778;73.76165062;76.69234627;136.8887328;0.000530089
03.07.22;0.006127568;0.014259211;0.015895778;73.76165062;76.69234627;136.8887328;-0.004664504
04.07.22;0.006127568;0.014259211;0.015895778;73.76165062;76.69234627;136.8887328;-0.002584855
05.07.22;0.025785284;-0.004186591;-0.037060111;75.66361575;76.37126677;131.8156211;0.005967191
06.07.22;0.009790084;-0.009965208;-0.016799805;76.40436887;75.61021118;129.6011443;0.005981581
07.07.22;0.020774131;0.021674628;0.033780614;77.99160326;77.24903435;133.9791505;0.011551396
08.07.22;0.00101089;-0.001968128;-0.000197902;78.07044416;77.09699835;133.9526358;0.010820442
09.07.22;0.00101089;-0.001968128;-0.000197902;78.07044416;77.09699835;133.9526358;0.010089488
10.07.22;0.00101089;-0.001968128;-0.000197902;78.07044416;77.09699835;133.9526358;0.009358534
11.07.22;-0.019680205;-0.011563837;-0.009364932;76.53400183;76.20546125;132.6981785;0.005671709
12.07.22;-0.009909788;-0.003020356;-0.018431118;75.77556606;75.97529362;130.2524026;0.000572413
13.07.22;-0.007042527;-0.01193168;-0.001320297;75.24191456;75.06878072;130.0804308;-0.001832246
14.07.22;0.001170334;-0.02030715;-0.019483427;75.3299727;73.54434776;127.5460182;-0.004632788
15.07.22;0.017198282;0.052640563;0.018374807;76.62551882;77.41576362;129.8896516;-0.002320304
16.07.22;0.017198282;0.052640563;0.018374807;76.62551882;77.41576362;129.8896516;-7.81905E-06
17.07.22;0.017198282;0.052640563;0.018374807;76.62551882;77.41576362;129.8896516;0.002304666
18.07.22;-0.012698424;0.000313331;0.019060644;75.65249551;77.44002034;132.3654321;0.003302063
19.07.22;0.03355866;0.037813731;0.031068975;78.19129186;80.36831646;136.4778904;0.009511841
20.07.22;0.012167715;0.001612469;0.01153803;79.1427012;80.49790786;138.0525764;0.012256162
21.07.22;0.009346277;0.008881018;-0.014511647;79.88239084;81.21281122;136.0492061;0.013424153
22.07.22;-0.030782482;-0.003859366;-0.003471165;77.42341258;80.89938122;135.5769569;0.006569759
23.07.22;-0.030782482;-0.003859366;-0.003471165;77.42341258;80.89938122;135.5769569;-0.000284636
24.07.22;-0.030782482;-0.003859366;-0.003471165;77.42341258;80.89938122;135.5769569;-0.007139031
25.07.22;-0.006089631;0.005710519;0.034416311;76.95193253;81.36135866;140.2430156;-0.006194918
26.07.22;-0.020666028;-0.018188079;-0.009217206;75.3616417;79.88155183;138.9503669;-0.013941302
27.07.22;0.049954205;0.019108673;0.020022863;79.12627258;81.40798231;141.7325511;-0.008543232
28.07.22;0.003909541;9.06E-05;0.004028855;79.43561996;81.41535925;142.303571;-0.009319909
29.07.22;0.016186052;0.010864524;0.050029536;80.72136902;82.29989838;149.4229526;-0.002610118
30.07.22;0.016186052;0.010864524;0.050029536;80.72136902;82.29989838;149.4229526;0.004099672
31.07.22;0.016186052;0.010864524;0.050029536;80.72136902;82.29989838;149.4229526;0.010809463
01.08.22;-0.006602789;-0.005167231;-0.020700039;80.18838283;81.87463582;146.3298916;0.010736155
02.08.22;-0.006423923;-0.015048524;-0.002473985;79.67325886;80.64254336;145.9678736;0.012770741
03.08.22;0.031655632;0.018738609;-0.030571301;82.19536621;82.15367245;141.5054458;0.010156659
04.08.22;0.004341967;-0.009321085;-0.036093099;82.55225575;81.38791105;136.3980757;0.010218435
05.08.22;-0.004377139;0.017587126;0.01929291;82.19091305;82.81929052;139.0295915;0.007280836
06.08.22;-0.004377139;0.017587126;0.01929291;82.19091305;82.81929052;139.0295915;0.004343237
07.08.22;-0.004377139;0.017587126;0.01929291;82.19091305;82.81929052;139.0295915;0.001405638
08.08.22;-0.002693466;-0.008609228;0.004476803;81.96953459;82.10628034;139.6519996;0.001964113
09.08.22;-0.003587772;0.006512544;0.017265499;81.67544662;82.64100113;142.063161;0.002369278
10.08.22;0.028592743;0.029239992;0.006625093;84.0107717;85.05742334;143.0043426;0.001931722
11.08.22;-0.00592341;0.015204009;0.029071684;83.51314143;86.35063721;147.1617197;0.00046524
12.08.22;0.018378946;0.015604607;0.007779284;85.0480249;87.69810501;148.3065325;0.003716109
13.08.22;0.018378946;0.015604607;0.007779284;85.0480249;87.69810501;148.3065325;0.006966978
14.08.22;0.018378946;0.015604607;0.007779284;85.0480249;87.69810501;148.3065325;0.010217847
15.08.22;0.006997518;5.25E-05;-0.019609951;85.64314997;87.70270945;145.3982487;0.011602274
16.08.22;-0.002423822;0.005433403;-0.005382971;85.43556625;88.17923359;144.6155741;0.011768552
17.08.22;-0.007812527;-0.005251721;0.005129613;84.76809859;87.7161409;145.3573961;0.006567799
18.08.22;0.000376956;-0.001278473;0.025180867;84.80005243;87.60399821;149.0176213;0.007467852
19.08.22;-0.019891407;-0.021699653;0.002895462;83.11326007;85.70302183;149.4490962;0.002000658
20.08.22;-0.019891407;-0.021699653;0.002895462;83.11326007;85.70302183;149.4490962;-0.003466535
21.08.22;-0.019891407;-0.021699653;0.002895462;83.11326007;85.70302183;149.4490962;-0.008933728
22.08.22;-0.025608802;-0.020394213;-0.004580513;80.98482904;83.95517617;148.7645426;-0.013591774
23.08.22;-0.005231718;-0.004362954;0.040626529;80.56113926;83.58888361;154.8083296;-0.013992902
24.08.22;0.001322107;0.004673191;0.009451671;80.66764967;83.97951045;156.2715269;-0.012687954
25.08.22;0.019478056;0.018678815;0.006557541;82.23889867;85.5481482;157.2962839;-0.009959226
26.08.22;-0.042034144;-0.033956516;-0.010839315;78.78205695;82.64323115;155.5913;-0.013122474
27.08.22;-0.042034144;-0.033956516;-0.010839315;78.78205695;82.64323115;155.5913;-0.016285722
28.08.22;-0.042034144;-0.033956516;-0.010839315;78.78205695;82.64323115;155.5913;-0.01944897
29.08.22;-0.011084251;-0.005484464;0.016879661;77.90881689;82.18997733;158.2176284;-0.017374034
30.08.22;-0.009771226;0.001195215;-0.034334052;77.14755223;82.28821205;152.7853762;-0.018022535
31.08.22;-0.002864597;-0.008661777;-0.009406083;76.92655561;81.57544989;151.3482642;-0.018620636
01.09.22;0.006054952;0.001276714;-0.020708656;77.3923422;81.67959838;148.2140451;-0.020538222
02.09.22;-0.016890889;-0.005538944;0.01865643;76.08511677;81.22717964;150.9791901;-0.016946328
03.09.22;-0.016890889;-0.005538944;0.01865643;76.08511677;81.22717964;150.9791901;-0.013354435
04.09.22;-0.016890889;-0.005538944;0.01865643;76.08511677;81.22717964;150.9791901;-0.009762541
05.09.22;-0.016890889;-0.005538944;0.01865643;76.08511677;81.22717964;150.9791901;-0.010592061
06.09.22;-0.007752297;-0.007355551;-0.009462681;75.49528234;80.629709;149.5505222;-0.010303642
07.09.22;0.015335788;0.019498241;-0.010688077;76.65306197;82.20184651;147.9521146;-0.007703587
08.09.22;-0.002932185;0.02452745;0.009024916;76.42830097;84.2180482;149.28737;-0.008987464
09.09.22;0.023749986;0.008819784;0.022952942;78.24347205;84.9608332;152.7139544;-0.003181625
10.09.22;0.023749986;0.008819784;0.022952942;78.24347205;84.9608332;152.7139544;0.002624214
11.09.22;0.023749986;0.008819784;0.022952942;78.24347205;84.9608332;152.7139544;0.008430054
12.09.22;0.014867646;0.009238598;0.013776431;79.40676831;85.7457522;154.8178076;0.012966987
13.09.22;-0.059630326;-0.04396852;-0.023748291;74.67171686;81.97563835;151.1411493;0.00555584
14.09.22;0.003018166;-0.00020164;0.028310014;74.89708847;81.95910881;155.4199573;0.00379618
15.09.22;-0.020372892;0.012736472;-0.02353165;73.37121815;83.00297871;151.7626693;0.00130465
16.09.22;-0.008080365;-0.009792797;-0.019586184;72.77835193;82.1901474;148.7902176;-0.003242543
17.09.22;-0.008080365;-0.009792797;-0.019586184;72.77835193;82.1901474;148.7902176;-0.007789736
18.09.22;-0.008080365;-0.009792797;-0.019586184;72.77835193;82.1901474;148.7902176;-0.012336929
19.09.22;0.00949811;0.012165573;0.002536071;73.46960872;83.19003767;149.1675602;-0.013104005
20.09.22;-0.003388003;-0.019105394;-0.006733991;73.22069343;81.60065921;148.1630672;-0.005069388
21.09.22;-0.020448848;-0.024979053;-0.015431062;71.72341463;79.56235203;145.8767537;-0.008421818
22.09.22;0.000131973;-0.019315167;-0.002245251;71.7328802;78.02559188;145.5492237;-0.005492552
23.09.22;-0.014129958;-0.024361185;-0.06268756;70.71929764;76.12479602;136.425098;-0.006356779
24.09.22;-0.014129958;-0.024361185;-0.06268756;70.71929764;76.12479602;136.425098;-0.007221007
25.09.22;-0.014129958;-0.024361185;-0.06268756;70.71929764;76.12479602;136.425098;-0.008085234
26.09.22;-0.007140066;-0.017242441;-0.023571723;70.2143572;74.81221871;133.2093234;-0.010462117
27.09.22;-0.004078282;-0.006685038;0.011684602;69.92800326;74.31209619;134.7658213;-0.010560728
28.09.22;0.014234135;0.021560893;0.040074152;70.92336787;75.91433133;140.1664473;-0.005606016
29.09.22;-0.029288944;-0.015097027;0.000267992;68.84609735;74.76825062;140.2040109;-0.009809004
30.09.22;-0.019428378;-0.01294852;-0.010072033;67.50852935;73.80011247;138.7918714;-0.010565921
01.10.22;-0.019428378;-0.01294852;-0.010072033;67.50852935;73.80011247;138.7918714;-0.011322839
02.10.22;-0.019428378;-0.01294852;-0.010072033;67.50852935;73.80011247;138.7918714;-0.012079756
03.10.22;0.028989572;0.030942634;0.054065312;69.46557272;76.08368232;146.2956972;-0.006918379
04.10.22;0.026902833;0.046225745;0.036147734;71.33439339;79.6007072;151.5839552;-0.002492505
05.10.22;0.000694329;-0.012985814;0.027151507;71.38392292;78.56702723;155.699688;-0.004426763
06.10.22;-0.005683363;-0.018938326;0.02257068;70.9782222;77.07909923;159.2139358;-0.001054538
07.10.22;-0.03434915;-0.020484448;-0.00558142;68.54018057;75.5001764;158.3252959;-0.003186077
08.10.22;-0.03434915;-0.020484448;-0.00558142;68.54018057;75.5001764;158.3252959;-0.005317615
09.10.22;-0.03434915;-0.020484448;-0.00558142;68.54018057;75.5001764;158.3252959;-0.007449154
10.10.22;-0.00601354;-0.007228993;-0.021185345;68.12801146;74.95438615;154.97112;-0.012449599
11.10.22;-0.015528948;-0.025160868;-0.007279901;67.07005508;73.06846871;153.8429456;-0.018511282
12.10.22;-0.002415425;0.006848579;0.004902561;66.9080524;73.56888392;154.5971699;-0.018955532
13.10.22;0.029130318;0.048331357;0.040436803;68.85710526;77.12456791;160.8485853;-0.013982149
14.10.22;-0.026194519;-0.001346529;-0.030461957;67.05342651;77.02071741;155.9488226;-0.012817202
15.10.22;-0.026194519;-0.001346529;-0.030461957;67.05342651;77.02071741;155.9488226;-0.011652255
16.10.22;-0.026194519;-0.001346529;-0.030461957;67.05342651;77.02071741;155.9488226;-0.010487307
17.10.22;0.034516154;0.035103486;0.011565636;69.36785291;79.72441305;157.7524699;-0.004697351
18.10.22;0.006251453;0.025186376;0.006429205;69.8015028;81.73238213;158.7666929;-0.001585865
19.10.22;-0.004041193;-0.020303976;0.028419183;69.51942148;80.07288981;163.2787126;-0.001818118
20.10.22;-0.00203761;-0.005857896;0.003146226;69.37776801;79.60383116;163.7924244;-0.006270679
21.10.22;0.016982724;0.033860892;0.030592561;70.55599147;82.29928788;168.8032542;-0.000102501
22.10.22;0.016982724;0.033860892;0.030592561;70.55599147;82.29928788;168.8032542;0.006065676
23.10.22;0.016982724;0.033860892;0.030592561;70.55599147;82.29928788;168.8032542;0.012233854
24.10.22;0.012087951;0.006703495;0.006374047;71.40886882;82.8509807;169.8792141;0.009029825
25.10.22;0.023708384;0.012512853;-0.000746139;73.10185772;83.88768288;169.7524607;0.011523672
26.10.22;-0.042192962;0.007963801;0.011010667;70.01747383;84.5557477;171.6215485;0.006073419
27.10.22;-0.050638805;0.002860207;0.000559909;66.47187264;84.79759466;171.7176408;-0.000869609
28.10.22;0.047381267;0.013791171;0.00988337;69.62139418;85.96705282;173.4147897;0.00347304
29.10.22;0.047381267;0.013791171;0.00988337;69.62139418;85.96705282;173.4147897;0.007815689
30.10.22;0.047381267;0.013791171;0.00988337;69.62139418;85.96705282;173.4147897;0.012158338
31.10.22;-0.021069638;-0.005801044;0.007540407;68.15449658;85.4683542;174.7224078;0.00742154
01.11.22;-0.014642873;0.013572223;0.007371025;67.15651897;86.62834977;176.0102911;0.001942789
02.11.22;-0.038094156;-0.005477107;-0.018508435;64.59824803;86.15387701;172.752616;0.002528333
03.11.22;-0.034267457;-0.013757147;0.016745037;62.38463035;84.96864546;175.6453651;0.004867097
04.11.22;0.018899298;0.026836073;0.011716809;63.56365604;87.24887027;177.7033682;0.000798244
05.11.22;0.018899298;0.026836073;0.011716809;63.56365604;87.24887027;177.7033682;-0.003270609
06.11.22;0.018899298;0.026836073;0.011716809;63.56365604;87.24887027;177.7033682;-0.007339462
07.11.22;0.022323988;0.009599852;0.016842659;64.98265033;88.08644649;180.6963655;-0.001140372
08.11.22;0.003829045;0.004179392;9.23E-05;65.23147185;88.45459427;180.7130368;0.001498473
09.11.22;-0.016898516;-0.019522622;-0.045271054;64.12915679;86.72772869;172.5319671;0.004526422
10.11.22;0.083155945;0.054516669;0.017663773;69.46187743;91.4558356;175.5795326;0.021301194
11.11.22;0.016737562;0.005448376;0.030186284;70.62449988;91.95412135;180.8796262;0.020992374
12.11.22;0.016737562;0.005448376;0.030186284;70.62449988;91.95412135;180.8796262;0.020683555
13.11.22;0.016737562;0.005448376;0.030186284;70.62449988;91.95412135;180.8796262;0.020374735
14.11.22;-0.006605409;-0.015885457;-0.005878221;70.15799617;90.49338809;179.8163759;0.016241964
15.11.22;0.015811565;-0.003996022;0.007348055;71.2673039;90.13177453;181.1376764;0.017953753
16.11.22;-0.006475541;-0.007894527;-0.017041838;70.80580957;89.42022677;178.0507575;0.019442749
17.11.22;0.001013534;-0.007336137;-0.000694989;70.87757365;88.76422773;177.9270141;0.007708119
18.11.22;-0.000376458;0.006930621;-0.004618889;70.85089124;89.37941897;177.1051889;0.005263259
19.11.22;-0.000376458;0.006930621;-0.004618889;70.85089124;89.37941897;177.1051889;0.002818399
20.11.22;-0.000376458;0.006930621;-0.004618889;70.85089124;89.37941897;177.1051889;0.000373539
21.11.22;-0.015743262;0.000847768;-0.013199255;69.73546713;89.455192;174.7675323;-0.000931868
22.11.22;0.015198255;0.007763375;0.028966604;70.79532455;90.14966618;179.8299543;-0.001019484
23.11.22;0.00924462;0.005267791;-0.013342263;71.44980043;90.62455581;177.4306157;0.001226253
24.11.22;0.00924462;0.005267791;-0.013342263;71.44980043;90.62455581;177.4306157;0.002402123
25.11.22;-0.008371476;0.003729894;-0.004306975;70.85166012;90.96257579;176.6664264;0.001259977
26.11.22;-0.008371476;0.003729894;-0.004306975;70.85166012;90.96257579;176.6664264;0.000117832
27.11.22;-0.008371476;0.003729894;-0.004306975;70.85166012;90.96257579;176.6664264;-0.001024314
28.11.22;-0.02110904;-0.016345089;-0.027134696;69.35604956;89.47578438;171.8726368;-0.001790853
29.11.22;-0.010208701;0.010416224;0.012356418;68.64801438;90.40778419;173.9963668;-0.005420419
30.11.22;0.056207123;0.014188699;0.006409123;72.50652175;91.69055305;175.1115309;0.00128851
01.12.22;0.003564596;-0.018599539;-0.004085156;72.7649782;89.985151;174.3961729;0.000477078
02.12.22;0.001279655;-0.011860805;-0.004579622;72.85809228;88.91785469;173.5975044;0.001855811
03.12.22;0.001279655;-0.011860805;-0.004579622;72.85809228;88.91785469;173.5975044;0.003234544
04.12.22;0.001279655;-0.011860805;-0.004579622;72.85809228;88.91785469;173.5975044;0.004613278
05.12.22;-0.011435075;-0.033595957;-0.026689074;72.02495451;85.93057426;168.9643477;0.005995273
06.12.22;-0.029587259;-0.014865928;-0.025539475;69.8939335;84.6531365;164.649087;0.003226907
07.12.22;-0.010412792;-0.00905339;-0.005201037;69.16614249;83.88673868;163.7927409;-0.006290224
08.12.22;0.006628037;0.002487162;0.002064749;69.62457826;84.09537861;164.1309319;-0.005852589
09.12.22;-0.004530565;-0.001372049;-0.021648717;69.30913956;83.97999561;160.5777078;-0.006682621
10.12.22;-0.004530565;-0.001372049;-0.021648717;69.30913956;83.97999561;160.5777078;-0.007512652
11.12.22;-0.004530565;-0.001372049;-0.021648717;69.30913956;83.97999561;160.5777078;-0.008342684
12.12.22;0.014257554;0.014013689;0.02308395;70.29731835;85.15686511;164.2844756;-0.004672308
13.12.22;0.016231942;0.002598376;0.016881176;71.43838031;85.37813465;167.0577908;0.001873292
14.12.22;-0.004870597;-0.014005475;-0.006950104;71.09043273;84.18237328;165.8967218;0.002665034
15.12.22;-0.040862419;-0.022843321;-0.006988436;68.18550566;82.2593683;164.7373632;-0.004119317
16.12.22;-0.006748216;-0.00748085;-0.010980901;67.72537513;81.64399828;162.9283985;-0.004436124
17.12.22;-0.006748216;-0.00748085;-0.010980901;67.72537513;81.64399828;162.9283985;-0.004752931
18.12.22;-0.006748216;-0.00748085;-0.010980901;67.72537513;81.64399828;162.9283985;-0.005069739
19.12.22;-0.019539844;0.003648871;0.003497506;66.40203186;81.94190667;163.4982416;-0.009897938
20.12.22;0.005387827;-0.003955887;0.015789196;66.75979453;81.61775377;166.0797474;-0.011447097
21.12.22;0.015718002;0.012936474;0.017146083;67.80912513;82.67359974;168.9273646;-0.008505869
22.12.22;-0.021533434;-0.011045324;-0.021388065;66.3489618;81.76044307;165.3143352;-0.005744585
23.12.22;0.00415131;0.004553624;0.028954595;66.62439694;82.13274936;170.1009449;-0.00418751
24.12.22;0.00415131;0.004553624;0.028954595;66.62439694;82.13274936;170.1009449;-0.002630435
25.12.22;0.00415131;0.004553624;0.028954595;66.62439694;82.13274936;170.1009449;-0.00107336
26.12.22;0.00415131;0.004553624;0.028954595;66.62439694;82.13274936;170.1009449;0.002311091
27.12.22;-0.011245545;-0.001302406;0.011836001;65.87516932;82.02577918;172.1142598;-6.51049E-05
28.12.22;-0.018553912;-8.07E-05;-0.019000198;64.65292725;82.01915981;168.8440549;-0.004961093
29.12.22;0.02804801;0.010387671;0.008350477;66.46631317;82.87114787;170.2539832;0.002121971
30.12.22;-0.000555692;0.000301262;0.008444346;66.42937836;82.89611382;171.6916668;0.001449542