Date,Weight XOM.N,Weight CVX,Weight COP.N,Weight SLB.N,Weight EOG.N,Weight EPD.N,Weight OXY.N,Weight MPC.N
2022-12-30,0.3594091910660548,0.2746267748876152,0.11634618393242817,0.05998359758944071,0.05964784307968135,0.04152193912065586,0.04530246116394608,0.04316200916017761
2022-12-29,0.358841021829659,0.2751493267029343,0.1157315005079251,0.05986970199486105,0.05974010139127302,0.042047506119934235,0.04517150621206464,0.04344933524134865
2022-12-28,0.3591353704205948,0.2753735203621863,0.11561986949171797,0.060018434872333735,0.059665420108882754,0.041595095605761905,0.04540432914487618,0.04318795999364661
2022-12-27,0.35811444407671833,0.27412426328718154,0.11650498623849773,0.05987193930910383,0.06066817837789538,0.041362150672891354,0.04614553954423234,0.0432084984934794
2022-12-23,0.3575312170492093,0.274035549451504,0.11651778631265984,0.06002720824528658,0.060727444981352664,0.04162521719201134,0.0464345678576035,0.043101008910372995
2022-12-22,0.3586529321905812,0.2737031547294973,0.1157206500365312,0.059941686701317755,0.060465555353914006,0.04226948959613663,0.046204625025821316,0.043041906366200616
2022-12-21,0.35834461823159525,0.2720306134198857,0.11668026741436226,0.06087437205676023,0.06093361175236276,0.04125850545022845,0.04664621004387339,0.043231801630932175
2022-12-20,0.359782229686663,0.2734146842291167,0.1149485928813601,0.06010355356738338,0.06028599438885765,0.04167089928622851,0.046422471649957484,0.04337157431043303
2022-12-19,0.3600762441553077,0.2731076095511636,0.11441565824180092,0.05874668592300465,0.06074273812878367,0.04247049726393102,0.04716211798788055,0.04327844874812772
2022-12-16,0.3598103492385539,0.2722591526238346,0.11484440354916226,0.058434313108051965,0.06108692580293737,0.04321062853289923,0.047429868399278236,0.042924358745282394
2022-12-15,0.3582932367834496,0.27291025400947416,0.11572712975440344,0.05863372752248553,0.06081546887345189,0.04337273416673532,0.04737092403507586,0.04287652485492407
2022-12-14,0.3593759457310015,0.2731570310518032,0.11529156583003862,0.05861940417252855,0.06008083878457212,0.04340799978820132,0.04744627477404362,0.04262093986781091
2022-12-13,0.35970589969235883,0.27328373177400705,0.11509543004602861,0.058957070391380144,0.059707285809331025,0.04325185086122063,0.047584186607581666,0.04241454481809216
2022-12-12,0.36157750798534133,0.27165999816036235,0.11527829183290104,0.05762332819232447,0.059055709282357566,0.04350213232618429,0.048166709822841464,0.043136322397687485
2022-12-09,0.3601702486428612,0.2744087208658661,0.11580512644511964,0.05626134674362173,0.0591134540522933,0.04388545998920787,0.04806296181124466,0.04229268144978559
2022-12-08,0.35562685587101084,0.27752327188178816,0.11603946591565613,0.0585430475431872,0.05925533782672643,0.04293069882069651,0.047891119387301534,0.042190202753633145
2022-12-07,0.35337541124480665,0.2761820332601941,0.11851352530306271,0.058463693896966096,0.060074733584759156,0.04297581457178762,0.048122046798749124,0.04229274133967459
2022-12-06,0.3528649755986942,0.27435903152335533,0.1188306529025669,0.059513241268174366,0.06062847409503397,0.04346477229823109,0.04808859517404055,0.04225025713990356
2022-12-05,0.35301864077207296,0.2739077905423639,0.11933690638365638,0.058453039698906584,0.061899133313010515,0.04271139327289413,0.04839115757985722,0.04228193843723835
2022-12-02,0.35317779207937916,0.27327084301425253,0.11885306415505173,0.05843799986465238,0.062399053831399806,0.0422052855468334,0.048399220138779515,0.043256741369651415
2022-12-01,0.35381883503917844,0.2736334660871108,0.11890895653448669,0.05691481703665235,0.06268220858021661,0.041855699991581424,0.04849155911457375,0.043694457616199896
2022-11-30,0.3538312715025813,0.2735395361575277,0.11876913330150238,0.05641096827434873,0.06299736044658268,0.041654163531455554,0.04874205435108657,0.04405551243491519
2022-11-29,0.35336128849023124,0.27173089151015795,0.12018558354695648,0.05619337859627004,0.06308325394556673,0.04176478819653644,0.04876148512285278,0.04491933059142848
2022-11-28,0.35520316902242227,0.2709077046067679,0.12121388000282507,0.05555859744417227,0.06173731385735666,0.04178308101815539,0.048713219489590544,0.04488303455870971
2022-11-25,0.3558930842679629,0.2711645218105193,0.1206270565048185,0.05502306222508112,0.06262954299768919,0.04110518612596197,0.04876441663000132,0.04479312943796577
2022-11-23,0.3559438211724017,0.2710427382253122,0.12015312505577555,0.05547366499052355,0.0624223090068701,0.040999405791065646,0.04918052589068044,0.044784409867370714
2022-11-22,0.35346783820727945,0.2702121326489782,0.1217566995493104,0.05717925898968635,0.06240071101674723,0.04065815308555357,0.04972201976372174,0.044603186738723204
2022-11-21,0.35376338814505265,0.2713003192249873,0.12105225594024828,0.05737856561841293,0.0622736007040205,0.04161661007191698,0.04896555224723738,0.04364970804812405
2022-11-18,0.3527557296371395,0.2704346053434211,0.12246433259156178,0.057916497799186985,0.061991167693079656,0.041536035846963276,0.04949568564434533,0.04340594544430235
2022-11-17,0.3532607161829149,0.27008814015073884,0.12403480421444946,0.05684036566899955,0.06305612932453612,0.040624182538154065,0.04928172462253949,0.042813937297667595
2022-11-16,0.3529618832649175,0.2715392446641387,0.122249986373857,0.0570399595240961,0.06263240762083118,0.04130434595873203,0.049629738021590486,0.04264243457183715
2022-11-15,0.3504813525121211,0.27116110138735655,0.12459997611979735,0.05781014535056583,0.06317874571115065,0.040380961238384604,0.05044866052577433,0.04193905715484948
2022-11-14,0.35066336384511515,0.2709420759006608,0.12450830145123977,0.05758886325618696,0.06315145457209242,0.04068911579129787,0.0500281254767443,0.0424286997066627
2022-11-11,0.35075236913994445,0.26950133206749755,0.12477221702222986,0.058105227160172426,0.06324579144238672,0.040654904910054364,0.05049948373135352,0.04246867452636119
2022-11-10,0.3504855650638596,0.27001918040933603,0.1242510107051708,0.057995229002207195,0.06304438763558745,0.04184205997776527,0.04934126449875156,0.043021302707322025
2022-11-09,0.3521438948769152,0.27016582721715215,0.12256350170461987,0.059092349782841364,0.06305841803349037,0.041854776323463995,0.0484831043909869,0.04263812767053015
2022-11-08,0.3512698905884992,0.26816011637190823,0.1253490501462911,0.05802750344762012,0.06380625016748748,0.0407295898555941,0.05089186203486865,0.04176573738773095
2022-11-07,0.35024486316377135,0.2686153784579047,0.12584550987652557,0.058168818146765076,0.06282290949664984,0.040706823618411006,0.05167960643505339,0.04191609080491896
2022-11-04,0.351663613010886,0.26967745948949157,0.12536923279332418,0.05725236299476431,0.06220185967202113,0.04127301675560333,0.05063743746657643,0.04192501781733302
2022-11-03,0.3512900577734264,0.26892497649841524,0.1280351735824754,0.05639900574719236,0.06111225104423066,0.04134411121189717,0.05035989848170103,0.04253452566066164
2022-11-02,0.3534591214631626,0.27028141815533846,0.12344410096894497,0.05678578426422777,0.06106886227411093,0.042250062337377686,0.05060519916903172,0.04210545136780588
2022-11-01,0.3540979228284679,0.27073192940937946,0.12234151005409193,0.05616594128191773,0.06024005421459342,0.041958008075852045,0.05154035043086355,0.04292428370483404
2022-10-31,0.35381612141091323,0.271222791782926,0.12182481952780672,0.0572061047447907,0.060883287430184826,0.042593830889507016,0.0511648617558792,0.04128818245799234
2022-10-28,0.3552167984862422,0.27118088576530175,0.12347726904349411,0.0557438466147226,0.059916709079273336,0.04210973851671898,0.05088018952162364,0.04147456297262339
2022-10-27,0.3481950896189477,0.2704438614304565,0.12406223444111579,0.057613547996306164,0.06075999082391561,0.04301652215773734,0.05135661538577374,0.04455213814574725
2022-10-26,0.3475095849712166,0.2697106752169621,0.1242231092583117,0.058278599822833475,0.06070140552844635,0.04323320921322673,0.05191698493211115,0.0444264310568919
2022-10-25,0.3477979687834849,0.26981516613426254,0.12319159265558273,0.05934908960801447,0.060421934942109755,0.04355839896728799,0.05154162949691809,0.044324219412339654
2022-10-24,0.3498052942577914,0.2667659866694815,0.12425726596445746,0.05892687018936026,0.06157655259630204,0.04308049104291204,0.05130065818380807,0.04428688109588732
2022-10-21,0.34885435263744,0.2679933522487159,0.12413755655596108,0.057203004806009546,0.06199456440867274,0.04354226598083778,0.05183159771245325,0.04444330564990988
2022-10-20,0.35131276040463444,0.2681796692004747,0.124592646225339,0.05318192385639423,0.06198455271516876,0.04462768219400549,0.05136809542452927,0.044752669979454256
2022-10-19,0.35216913587644616,0.2676664962783991,0.12434612426944552,0.053126428707901206,0.06150076365573105,0.04519118231613716,0.05127069403429358,0.04472917486164609
2022-10-18,0.3516899737618621,0.26658109246640593,0.12446088716871388,0.05209290984884821,0.06028283999635435,0.04700290648536937,0.052196038346982006,0.04569335192546417
2022-10-17,0.35328944055895123,0.2659479137809381,0.12574993521657232,0.051818925017735426,0.059153470944403166,0.04704144692763452,0.052201735807038775,0.04479713174672632
2022-10-14,0.351834675341258,0.26672242189928963,0.1266082431774954,0.05149454676068331,0.059596066752854504,0.046829776343930325,0.05220388955450858,0.04471038016998041
2022-10-13,0.3500270768116822,0.26666412428390457,0.1276138829595076,0.0522840504505263,0.06097162497749082,0.0454905806077447,0.051570431998874205,0.04537822791026946
2022-10-12,0.3522739783666288,0.26491616398179024,0.12594741641493318,0.05178440798247252,0.06157252139061994,0.04658851426438883,0.0514324598981708,0.045484537700995635
2022-10-11,0.3524917770057813,0.26544926076643477,0.12579462188015172,0.051721759794743104,0.061499992721938734,0.04716390651952173,0.05083267191477704,0.045046009396651425
2022-10-10,0.3529445046944976,0.26348105217560996,0.12620396510097634,0.05180301480559847,0.0615532481236656,0.04643008010391258,0.05172644285774654,0.04585769213799295
2022-10-07,0.3532189696700192,0.26271448837446526,0.12537332214580202,0.05127329115278488,0.062092778726006236,0.04623602728283846,0.053862388842551887,0.04522873380553211
2022-10-06,0.35479214824325755,0.26349036050751434,0.12375616335308914,0.05086218998208975,0.061778645646595,0.045826084590371234,0.054093374508948494,0.045401033168134305
2022-10-05,0.35191926689695535,0.26429087156579867,0.12454722517961617,0.05082198971521836,0.062378588083502405,0.046709311309836854,0.05308397855217912,0.04624876869689313
2022-10-04,0.34524115376565323,0.2682218923915026,0.12678148330870784,0.048815206270364134,0.06320831798858352,0.04754047423611652,0.05292538800193298,0.047266084037139146
2022-10-03,0.34592975144988997,0.2681256174138593,0.12523006143850576,0.049632546903426424,0.06289459456124098,0.048136569693499096,0.053210991980383364,0.046839866559195045
2022-09-30,0.3466817956399792,0.26786877616539007,0.12296143735600139,0.04908529283293208,0.06182219705455756,0.04996886537759121,0.0538549290598576,0.047756706513690794
2022-09-29,0.34878064792991814,0.26742546938252115,0.12453398197630462,0.04801157643654711,0.06117781259298337,0.049028664807235445,0.05459809854304437,0.046443748331445676
2022-09-28,0.34918395306419414,0.26905645198207984,0.12363321637439602,0.047262916123829,0.060453560598317274,0.04941743146271775,0.053935704878441605,0.04705676551602439
2022-09-27,0.3505427430871161,0.2707919244144404,0.12333563029932973,0.04714761285195323,0.05936195642310572,0.04991849762317433,0.05348417718063026,0.045417458120250186
2022-09-26,0.3468970848665119,0.2734753379622994,0.12516601538384967,0.047466866866541814,0.05982215680499074,0.04948424958838264,0.053437064850958976,0.044251223676464765
2022-09-23,0.34605597951962347,0.2744026493670029,0.12399866571642999,0.04793570356599262,0.0606346264080792,0.04984358161986835,0.05297384824507508,0.0441549455579284
2022-09-22,0.34235375146569963,0.2749866433872349,0.1270779518604564,0.04904264152111917,0.06159750283779023,0.049255630308259545,0.05227936712890178,0.04340651149053838
2022-09-21,0.3427620125519782,0.27437667805157023,0.1278836202616396,0.04806462840526408,0.06135620959277748,0.050073940086081216,0.052796880333470395,0.0426860307172187
2022-09-20,0.34351112132566997,0.2727606800141843,0.12720969517051006,0.04855348721785435,0.061210381469383984,0.050151738158379845,0.0533882919233121,0.04321460472070538
2022-09-19,0.3442626609779109,0.2722039663979877,0.12735104374299694,0.048852101109618115,0.06125094810007749,0.05012201137127179,0.053399023263259494,0.04255824503687775
2022-09-16,0.3448111843391146,0.2718265670545669,0.12783406464095326,0.048171422142643396,0.06186150393736411,0.04990633318988854,0.053255127465542555,0.04233379722992664
2022-09-15,0.34399947650166307,0.2736586305568871,0.12804703865224068,0.04878821578437513,0.06121599360098886,0.049791872443097025,0.052773463266518696,0.041725309194229364
2022-09-14,0.34613272936161976,0.2717598966003844,0.12742211624100033,0.048396982400897674,0.06183936675298599,0.049533333654620565,0.05322798739650899,0.041687587591982225
2022-09-13,0.34738201960330417,0.27282916958583064,0.1250326616258537,0.04757499612213841,0.06091669647672704,0.05047505729143124,0.05321648259364652,0.04257291670106824
2022-09-12,0.34779882963904507,0.27194724622402033,0.12450071287979383,0.048551000690446294,0.061261357882762574,0.050137724635101154,0.053198521078727475,0.042604606970103355
2022-09-09,0.3488019020699037,0.27157361456729806,0.123624111731814,0.048637758879404316,0.06064531731668634,0.05046379554670038,0.05300427054744425,0.04324922934074874
2022-09-08,0.3510242781310409,0.27089940881050634,0.12237249296755635,0.04791000034717341,0.05951384637964788,0.051307346091339405,0.05340897160426926,0.043563655668466365
2022-09-07,0.3508890372415998,0.2715394289749324,0.12154977120385335,0.04687916347484557,0.05940465571343079,0.051375744848168835,0.05450819730571826,0.043854001237451
2022-09-06,0.3498221440354005,0.27188252540162944,0.12225090488139054,0.04671302891492959,0.06028724474654945,0.05057067557702254,0.05507289235953372,0.04340058408354437
2022-09-02,0.3490808275297227,0.2707419908634538,0.12299331245201559,0.0471818803124705,0.0603576995750248,0.05020202560601893,0.05613088021820953,0.04331138344308427
2022-09-01,0.34899885912678713,0.2716043871292138,0.12211719212854186,0.046495777475618415,0.0600282766439763,0.050876594279111995,0.05683849687067913,0.043040416346071295
2022-08-31,0.3483730159983491,0.27055248114523534,0.12184221551974783,0.04718515886925654,0.060126265558975135,0.050157404079821465,0.05783352831726867,0.04392993051134589
2022-08-30,0.3475446088895949,0.27223019327206444,0.12180116044113506,0.04737011850739649,0.05980971468713865,0.04934327670660891,0.05807928714798358,0.04382164034807785
2022-08-29,0.3495066562591414,0.2699237414422023,0.1209411873180319,0.04783874274544575,0.06009478338834932,0.049120799579911216,0.05872027993872695,0.0438538093281912
2022-08-26,0.34685236319712576,0.27200143555783884,0.12137468988392666,0.04741224522391862,0.060045424093344915,0.049812857247925973,0.05825953844613385,0.044241446349785316
2022-08-25,0.34784155831693325,0.2714136800718657,0.12017931840855453,0.04785554911753127,0.059785617984946526,0.04998231883358762,0.05843601618628089,0.044505941080300176
2022-08-24,0.34856680096857867,0.2710118282001368,0.11936803858920247,0.047891425833491465,0.05958540519398948,0.0500498271707672,0.059200625716855526,0.044326048326978465
2022-08-23,0.34987889936600997,0.27162977760174123,0.1182690768760098,0.0476898106706603,0.05913424109986547,0.05031153468073356,0.058881447714355245,0.04420521199062435
2022-08-22,0.34825119065180854,0.27298513416173215,0.11908289149405907,0.04641507773552554,0.059906202837013804,0.051699250922241084,0.05715388067128735,0.04450637152633236
2022-08-19,0.34707267153987514,0.2732277210929353,0.1184789120002518,0.04647398463631377,0.059583788310005374,0.052045378930162665,0.05878154784685383,0.044335995643601994
2022-08-18,0.34861430185248105,0.275876350882341,0.11833354642126483,0.04654456853435511,0.05977878349059509,0.052747763060149104,0.053563057716871185,0.04454162804194268
2022-08-17,0.3483500258202702,0.2798427861167187,0.11697727564222718,0.045390714657326636,0.05842229006310952,0.05326254736604571,0.05317505067093824,0.04457930966336369
2022-08-16,0.3478951063810102,0.27943392788330673,0.11630574699780319,0.045930576771976823,0.058155856170374845,0.05429963238781815,0.053994376267007725,0.04398477714070249
2022-08-15,0.3494521004694584,0.27878096105274686,0.11651265338211168,0.0459375894520076,0.05780503215916065,0.05369808187718016,0.05443299230378281,0.04338058930355185
2022-08-12,0.3491974781786984,0.2789031262505366,0.11659369083092269,0.04682351115450583,0.05784717872345467,0.052738794506825386,0.054575304870848385,0.04332091548420803
2022-08-11,0.34894183152055586,0.28071687957542074,0.11478743512403533,0.046878230734408846,0.05782344968854033,0.05255128688506482,0.05497589134852687,0.04332499512344716
2022-08-10,0.3519012126815275,0.28161627540802014,0.11281524059750311,0.04560265427180809,0.057042045267524405,0.05314012533614399,0.05406307245560086,0.04381937398187179
2022-08-09,0.350949205222941,0.28277464163399124,0.11302195710497835,0.04600306612761384,0.05703259983362922,0.05291201439511,0.05403902183951036,0.043267493842225974
2022-08-08,0.35055019686766903,0.2839588636356991,0.11271176769435182,0.0463432337067858,0.0574552763480827,0.053475979073204304,0.05288521077791318,0.04261947189629411
2022-08-05,0.35000402474755,0.28554660191230685,0.11222951443416158,0.04654602431766464,0.05759316533069026,0.05317719728669533,0.05219033792941545,0.04271313404151604
2022-08-04,0.3518433330715191,0.2864570816017804,0.11078875627522726,0.04649446552649127,0.054786252726870294,0.05427136343777473,0.05182479147058072,0.04353395588975627
2022-08-03,0.35494308246503325,0.2845500030630588,0.10877717178072731,0.04703467434202933,0.05495344750259742,0.053342914994580784,0.05315814431622267,0.04324056153575035
2022-08-02,0.3559350340131995,0.2828110949530475,0.10946251045182573,0.047113583376188956,0.0551626660543113,0.05211376893591239,0.055020298841716754,0.042381043373797715
2022-08-01,0.3562505602084989,0.2842596799644808,0.10953329767249192,0.04657961424385043,0.05517198297936291,0.05248568166530855,0.054973367708391764,0.04074581555761464
2022-07-29,0.3577451129663023,0.2839055355511812,0.10983940565188739,0.046381847280466744,0.05583027543935757,0.0515859669186345,0.054237610414624764,0.04047424577754549
2022-07-28,0.35966022671662573,0.27422706992519436,0.11154466831848936,0.04705031659294958,0.056706010265819576,0.05364376057606929,0.05435442545772435,0.042813522147127685
2022-07-27,0.35744828648812194,0.2736534572631144,0.111212078299051,0.048128711590500035,0.05740809159744429,0.05414105073436085,0.0547735147282213,0.043234809299185994
2022-07-26,0.3568336161569172,0.2754682636471833,0.11077277653117706,0.04809957014759249,0.05614698694809746,0.054342972576496985,0.05523106316323737,0.04310475082929814
2022-07-25,0.35507101030186466,0.2751912890616093,0.11095400791751396,0.0484391561024324,0.05658031137332302,0.05382291377410866,0.056808303424644345,0.043133008044503665
2022-07-22,0.35554258890685886,0.27650682062009724,0.10991246677704208,0.04859457726935428,0.05605580214523038,0.05462115571853013,0.05572105147835708,0.04304553708453007
2022-07-21,0.35577419122240367,0.2768784901863734,0.11013505726118684,0.04627357087506348,0.05707492404334773,0.05453638394612144,0.05618343622923471,0.043143946236268875
2022-07-20,0.3566494014623,0.2750276415025367,0.11073555318884082,0.04630461602521347,0.057351983840661064,0.053485914407841145,0.05676580302691584,0.04367908654569096
2022-07-19,0.3573745990962185,0.2749833366298968,0.10942225063410754,0.047018567376438565,0.05702694787571919,0.053548162315827846,0.056845721071844366,0.0437804149999473
2022-07-18,0.35966904401133226,0.27385495280600264,0.10854912240488902,0.04696779562051486,0.05651710400842822,0.05455083932722809,0.056066340982187865,0.04382480083941707
2022-07-15,0.3596873815736492,0.27506584749509977,0.10772464539536367,0.04663847203819789,0.05626165534863057,0.0545808596620001,0.05582957634918929,0.044211562137869524
2022-07-14,0.35990845288636913,0.27639284025373995,0.10791340077892105,0.046027909865292614,0.05597316338792687,0.055420819436294795,0.055372619051525976,0.04299079433992956
2022-07-13,0.3603411034810594,0.2752696024347704,0.10782423891515294,0.04654360539349561,0.05738281102947344,0.05473114112414198,0.05506876069013641,0.04283873693176992
2022-07-12,0.3583697780557809,0.2767177005024731,0.10810629523859511,0.04710852502549965,0.057356162069122495,0.05476168100617811,0.054381203139783514,0.04319865496256717
2022-07-11,0.35630692740439596,0.2765236209225866,0.10872204084781587,0.047117544203828354,0.058647883985429056,0.05450531814786624,0.055347731202809225,0.04282893328526878
2022-07-08,0.35509285956610825,0.27661398746036925,0.1089443938554591,0.048046946533515544,0.05916984714489303,0.053912449207768595,0.055937489230777036,0.042282027001109126
2022-07-07,0.35433724392256544,0.27792740718820913,0.10875112795709177,0.04810676557566186,0.058887914066684484,0.05300093814913177,0.0566466145634735,0.0423419885771821
2022-07-06,0.35436993615623597,0.28135498308751267,0.10832273695631181,0.04726514468741662,0.05836820628015383,0.052561661844241304,0.0562168369484869,0.04154049403964086
2022-07-05,0.35476892997985776,0.28028395124107885,0.10814940745043325,0.047316505306007346,0.059603073511656404,0.05252507770440754,0.055264820954991134,0.04208823385156772
2022-07-01,0.3527145826817813,0.2772247689339835,0.11196007284196055,0.04874225662447735,0.061127308033153166,0.05191449382794994,0.0544228165263939,0.04189370053030033
2022-06-30,0.3506235207046327,0.2784007857154181,0.1123153355071352,0.049686765991930594,0.06146342694032357,0.05220076454371688,0.053879242606611796,0.041430157990231135
2022-06-29,0.35416889808056456,0.27548813991591625,0.11285064094486179,0.04878380171665028,0.06118744085739257,0.051085595574526736,0.05283709376690828,0.043598389143179636
2022-06-28,0.35616717673155185,0.2721817725689705,0.11378837045900166,0.04827845881784284,0.06192378025390021,0.04989912991160342,0.05343229832655808,0.04432901293057143
2022-06-27,0.3555693973688121,0.2748494115456996,0.11308294550394202,0.04808754526980403,0.06109150046831499,0.049895276623609396,0.05232615294162114,0.04509777027819676
2022-06-24,0.354452811429013,0.2753759163030428,0.11383798711638546,0.04797574287559053,0.06065375784141204,0.05064109218386409,0.052188286214313914,0.04487440603637799
2022-06-23,0.35457365292107096,0.27639240349061406,0.11227737798672789,0.04883226277744227,0.05996423983986234,0.05082320699029003,0.05191786747056299,0.04521898852342943
2022-06-22,0.3525988808320627,0.2767442048556263,0.11465412385989454,0.05051538971162394,0.0597743818163604,0.05003347845927045,0.04978584517687093,0.04589369528829072
2022-06-21,0.35164096629482605,0.2771171717399901,0.11715800791307528,0.05006105380629304,0.06080908200816069,0.04863919056962621,0.04948143663882311,0.045093091029205445
2022-06-17,0.34847745116281675,0.27999789028546934,0.11644812787467113,0.04973902558361023,0.06075896692280238,0.0491074829051762,0.05011703807209042,0.0453540171933635
2022-06-16,0.3497886409813865,0.2775174451127319,0.12034517907770266,0.04940981589539082,0.06153130626393487,0.04783638213599805,0.048366796467945686,0.04520443406490935
2022-06-15,0.3445427795328752,0.27813987602036266,0.12187060179317272,0.050576782612662775,0.06223000359732463,0.04784265497450088,0.04868682558370953,0.046110475885391425
2022-06-14,0.3419410211059298,0.278023163485726,0.12178691607077462,0.0515921618853166,0.06280054637163636,0.04780426787990907,0.049143375741845095,0.046908547458862644
2022-06-13,0.3412206528065691,0.2777958383130749,0.12214241050034766,0.05293148660714549,0.06267375640903833,0.04915448883954696,0.047378106986170385,0.046703259538107146
2022-06-10,0.33999495569046584,0.27683284808531966,0.12138655266873813,0.053602426235884335,0.06464206665106638,0.04837680036539804,0.048083018691027206,0.047081331612100305
2022-06-09,0.3411973632199015,0.27603154309754474,0.1213606193055525,0.0538492830672144,0.06301740555810173,0.04852350627666698,0.04834288420158047,0.047677395273437784
2022-06-08,0.3407267767633251,0.27517895743116716,0.12187487321193663,0.05417590418364103,0.06297501887512551,0.047831015818379854,0.050022971272178786,0.04721448244424593
2022-06-07,0.3379548603718369,0.27474367238755365,0.12316322088752575,0.053667398517995006,0.06328229231761447,0.04817101687916867,0.05130701018143956,0.047710528456865846
2022-06-06,0.33391685839709373,0.2785930563310463,0.12174093009404098,0.05351835294020705,0.06323198876748508,0.04923482812398756,0.05231096743929553,0.047453017906843725
2022-06-03,0.3339289136127601,0.2791103166739415,0.1222037507291005,0.05366789672725665,0.06368711026384472,0.04900774082513562,0.05269061269286682,0.04570365847509411
2022-06-02,0.33398883032902965,0.28066751846679866,0.12068531031504451,0.05311569808466939,0.0632457821503066,0.04979996240317556,0.0527132142811753,0.04578368396980044
2022-06-01,0.33359047610286574,0.28035448503593485,0.12115883815982012,0.05339482826892231,0.06328218611163404,0.049318876883400684,0.05340829687225266,0.04549201256516974
2022-05-31,0.33309048074636377,0.2826136772984663,0.11968497131890463,0.053498567810897756,0.06303157752163158,0.04923711584823651,0.05349367025715039,0.04534993919834892
2022-05-27,0.33262459118319654,0.28337425612787387,0.11991418348908256,0.05512610586529993,0.06186817101921267,0.0486846760477894,0.05372367249605778,0.044684343771487466
2022-05-26,0.33399482185898455,0.2846149121904956,0.12005334688003687,0.054134961704319584,0.06129889118874322,0.04897229116196896,0.052783978425130315,0.04414679659032073
2022-05-25,0.3359664678637407,0.28538604102401677,0.11909988299688672,0.05272730681978206,0.06157766850118504,0.04936308837467822,0.051521419990796354,0.04435812442891411
2022-05-24,0.3356689144030824,0.28627886646806516,0.11951180885743395,0.052369062277272976,0.060959741931812465,0.049318299130018235,0.0514677811513035,0.04442552578101136
2022-05-23,0.33533923523467574,0.28601884082065043,0.11953858464350338,0.05249397150933508,0.060671660076885306,0.04951900512388431,0.051974590880386466,0.044444111710679246
2022-05-20,0.3368950682937063,0.2870256182530982,0.1182434595078347,0.050593236896213936,0.05937169342363053,0.05079120170184871,0.051607510450494984,0.045472211473172895
2022-05-19,0.33605436750681955,0.28692044183676774,0.11841606441719993,0.05053167894835366,0.05952022157411243,0.050759381675584185,0.052459540719168,0.045338303321994476
2022-05-18,0.3337812368697328,0.2885806467089271,0.11810388296413195,0.05080704871080747,0.05986695483172548,0.05070761128524895,0.05266481868368136,0.04548779994574493
2022-05-17,0.33021252520028893,0.29095083781861975,0.11778462617035171,0.051656035960388556,0.060589560468833924,0.04972281648718244,0.05417860414987931,0.04490499374445563
2022-05-16,0.3294533735946982,0.2922612205658141,0.11732231301325355,0.05121025453692204,0.06071196801091309,0.04960383591167273,0.05456620047529879,0.04487083389142766
2022-05-13,0.33039165740111737,0.291074785435375,0.11746736938652441,0.05081769190180454,0.061291104635682145,0.05018391251159765,0.05299815804327592,0.045775320684623075
2022-05-12,0.33041023209416404,0.29408399631924353,0.11706819760191814,0.05013169527077634,0.06119828004025059,0.05108104484140653,0.05043437050031041,0.045592183331930596
2022-05-11,0.3327578888775227,0.2917300057044763,0.11657520956680008,0.049353916124972176,0.06168180959664587,0.051371812535219726,0.05125646525939639,0.045272892334966626
2022-05-10,0.3307109510830686,0.29165419794841113,0.11702818041360002,0.04944509645686457,0.0616860301118702,0.05225962998311354,0.05140466546774964,0.04581124853532238
2022-05-09,0.3312140169439579,0.2912365002905885,0.11702018944415546,0.050045990196257134,0.06134683933630944,0.052929694147383556,0.05045467629177162,0.04575209334957642
2022-05-06,0.33096999539838434,0.2873316464799072,0.11933804786490254,0.05210856876159094,0.06330488806903069,0.05034537584741536,0.05214281154262894,0.04445866603613998
2022-05-05,0.33495240958593436,0.2875701289444793,0.11711989794905624,0.05235933749500768,0.06071643262813317,0.05107710869418237,0.05139029422190904,0.0448143904812978
2022-05-04,0.33638265295736136,0.2866956401631456,0.11696326290241378,0.05242579227330406,0.06070827175438614,0.05120110912981674,0.0502399176074609,0.04538335321211146
2022-05-03,0.33605461233356515,0.28875259002996334,0.11573252491284634,0.05132715765419542,0.06103614004016216,0.05155018969681789,0.050213567415648724,0.04533321791680092
2022-05-02,0.33678927847819506,0.29036472244515604,0.11477315593534497,0.051139115926463106,0.06012910633885936,0.051658048715348716,0.05054501343109843,0.04460155872953442
2022-04-29,0.33685093026486446,0.2886941201803526,0.11587095286429769,0.05171189598831899,0.06119428820836953,0.05298402452354222,0.04842076481625823,0.04427302315399627
2022-04-28,0.3355611305142623,0.290345815190528,0.11524426936889758,0.051782018251247404,0.06011229089557493,0.0523790763117937,0.048817332487674295,0.045758066980021814
2022-04-27,0.3360262052857864,0.2892667092541295,0.11342203687823402,0.05320904007116444,0.05937152592145917,0.05368947868630413,0.04909188136579464,0.04592312253712762
2022-04-26,0.3313371307997639,0.2939201509350434,0.11288229979364495,0.0534110182167422,0.059563669276304146,0.05416092547672143,0.04909955829885791,0.045625247202922076
2022-04-25,0.3311492951114054,0.29566290837771775,0.11327964618744737,0.0522522513181777,0.05964767264969471,0.05385883385280174,0.04917916690247817,0.04497022560027722
2022-04-22,0.3313146684688773,0.29211761325179114,0.114712673500179,0.05438062365737642,0.059909842712894616,0.053617072576784504,0.049016624989415246,0.04493088084268188
2022-04-21,0.33153838044956857,0.29238199022707406,0.11539496440494147,0.05195131267957048,0.06034336295039632,0.05340682047875071,0.050165141777902766,0.04481802703179553
2022-04-20,0.3254076001558938,0.29765681167559244,0.11660654687325647,0.05297098266441722,0.06017065784609026,0.051979659154556566,0.05058493468972062,0.04462280694047256
2022-04-19,0.32604367483665625,0.29770551966940145,0.11583472135089463,0.05413026356886525,0.059967635201972735,0.05187370436173602,0.049898533575471256,0.0445459474350024
2022-04-18,0.32577231613942353,0.2983382578989448,0.11686298100428907,0.05391124821798173,0.06014399133641078,0.05079800082671683,0.05022237453389783,0.04395083004233555
2022-04-14,0.3272946240592702,0.29819248572682533,0.1159691133835276,0.05406961142331898,0.06073266193777858,0.05147299563133854,0.04918798594909878,0.04308052188884187
2022-04-13,0.3251596580263266,0.29986794327684085,0.11525546665856419,0.053493584440987896,0.06135329936969096,0.05169938867141426,0.04967460046762837,0.04349605908854674
2022-04-12,0.3245476537307109,0.29883113393350946,0.1163969526520958,0.05282479103852674,0.06261109414912455,0.05178311979441089,0.0498771395180038,0.04312811518361776
2022-04-11,0.3240453587737023,0.29837806157610613,0.11624574761542059,0.05358451341898646,0.06216412847319157,0.0523029376223128,0.04979053593383232,0.0434887165864478
2022-04-08,0.324365850958756,0.2960016283646502,0.11816808791344169,0.05331949443279978,0.06282631683552486,0.05093792971056776,0.051347499004138965,0.043033192780120716
2022-04-07,0.325668133318461,0.29839128086460637,0.11750709656075098,0.05263056816326904,0.06122846770274435,0.05186276731087202,0.049129427998437,0.043582258080859165
2022-04-06,0.32533858691375805,0.2989247825447062,0.1164633513420789,0.053209355638011935,0.06107139153409728,0.052335865463105986,0.048534214045653175,0.0441224525185885
2022-04-05,0.3240837386546979,0.29843425606041135,0.11791762276058282,0.05317300956957425,0.06119038914873732,0.052653053252174294,0.04855353255238935,0.04399439800143262
2022-04-04,0.3220460681377923,0.29684846504997886,0.11954254478154092,0.053981592967850336,0.062031376043943445,0.05209146271444684,0.049781929357182134,0.04367656094726525
2022-04-01,0.32211111623142274,0.29678022377593327,0.11965992072150737,0.05420049101373106,0.06181689917589929,0.05176673220440326,0.05009179134420088,0.043572825532902135
2022-03-31,0.32235755574147135,0.29642973328279604,0.11984378304057079,0.05410095743705621,0.061701720320536765,0.052046156710432126,0.04927010060960921,0.044249992857527495
2022-03-30,0.32309102837809855,0.2967332138348293,0.11958092670170536,0.05443613406592763,0.06172236691014109,0.05178026354479092,0.04914765976333979,0.043508406801167264
2022-03-29,0.32086462642779207,0.29763178356970954,0.1202999183259096,0.05553355655162696,0.06210947425365175,0.05170182536875238,0.04904855133214853,0.0428102641704092
2022-03-28,0.32050154450165885,0.29936860441364704,0.122860961105816,0.05401111053557941,0.061827214965147946,0.050890514269355834,0.04860401293603396,0.041936037272761045
2022-03-25,0.32239396421164024,0.2952727158775814,0.12476190241148377,0.05527354479432273,0.06227321544774282,0.04963807551003861,0.04925620284314137,0.041130378904049046
2022-03-24,0.3220549561075552,0.2960422842822483,0.12384452402528016,0.05507730383291397,0.06177874874606609,0.050190789751916175,0.04945630040426119,0.04155509284975884
2022-03-23,0.3211256390659756,0.2952923957685834,0.12365711246167908,0.05478641131886626,0.06308261717678691,0.0497189719321955,0.051251942108838426,0.04108491016707492
2022-03-22,0.3212279322989744,0.29684052962715396,0.12251624355074335,0.05407945145360817,0.06268623795235802,0.049629266974228585,0.05190233031921431,0.04111800782371929
2022-03-21,0.32072302744891484,0.29606500994718954,0.1229726798227352,0.05374492948144188,0.06315421351069993,0.049354342479275136,0.05273571329249237,0.041250084017251214
2022-03-18,0.3177307326756077,0.3010468323467189,0.12337740428346655,0.053660661153903916,0.06181706553589705,0.05019333802621432,0.05036129940278625,0.04181266657540523
2022-03-17,0.31898338256057807,0.29864619389829883,0.12242382417636513,0.0533636269604821,0.06292220931635016,0.050526257050919725,0.05194638574015509,0.04118812029685094
2022-03-16,0.32004971699914925,0.3023948204248029,0.12098955587418073,0.052701025434051,0.062136946648722303,0.05168180835234811,0.04887842188529069,0.04116770438145498
2022-03-15,0.31925769626278927,0.30159978045013075,0.12052854555803427,0.0542811767002865,0.06219850006309605,0.05148806343064525,0.04998602670737375,0.04066021082764414
2022-03-14,0.32407688114596395,0.30412443808607886,0.11720569412462242,0.05499568616289509,0.06060082197247382,0.05010612043198031,0.048782991817301266,0.04010736625868419
2022-03-11,0.3268645991954294,0.303174985662453,0.11648941157172504,0.05522078474358666,0.058852664442081336,0.049996737613707945,0.049455304823652596,0.039945511947363954
2022-03-10,0.3266953024848463,0.3013148959676355,0.11737080175337267,0.05554763756229448,0.0601238835537384,0.05034403945322874,0.04917784279066835,0.03942559643421565
2022-03-09,0.32620168556765855,0.3019364998640086,0.11657833567575576,0.05607861998504228,0.05874188558418587,0.051097861723139106,0.05007913638045689,0.03928597521975287
2022-03-08,0.3343097461576454,0.29932821415310595,0.11571768156243609,0.05741491799567556,0.05879595148678174,0.05009715197836909,0.04596494786825819,0.03837138879772779
2022-03-07,0.33777226345217454,0.28954878916807325,0.12074697107333597,0.054585286412100656,0.061043819337375536,0.05064004107903417,0.047461311692461754,0.03820151778544426
2022-03-04,0.3331444305671939,0.28968211486286866,0.12216548898607449,0.051590713253856925,0.06165007822989743,0.05188875465749937,0.0491720860828062,0.040706333359803185
2022-03-03,0.3310518319283956,0.29412138193115417,0.12237407566024543,0.05262234793248942,0.06225163191976662,0.052682887518757215,0.04311720561991244,0.04177863748927921
2022-03-02,0.3302154032107036,0.2913052986951596,0.12363238545783053,0.0538091345820952,0.06272939853878583,0.052734745382432814,0.0438426083228346,0.041731025810157744
2022-03-01,0.3313864802477709,0.2888333657433107,0.1248119206022774,0.052729923561606176,0.06385225500297737,0.0530978866329927,0.043292020402849324,0.04199614780621537
2022-02-28,0.3339849100985482,0.28265449777683915,0.12424314765409761,0.055887719191080897,0.0641368210847928,0.053565399659499795,0.041168036366454684,0.044359468168686945
2022-02-25,0.34045556336542565,0.28245102994576565,0.1225354900231356,0.057594221344147885,0.06137268121371663,0.0535131065166082,0.03738391733255639,0.044693990258644165
2022-02-24,0.3407103814153678,0.2788350911115133,0.12104323543002274,0.05749313054359505,0.0647294925411005,0.053908406911652176,0.038597268923673204,0.04468299312307531
2022-02-23,0.3418301275380301,0.2776506118805152,0.12059000382036347,0.05906374150391716,0.06425888385528211,0.05358531747967601,0.038008883222295044,0.04501243069992072
2022-02-22,0.343897467231039,0.273944752161126,0.12125894897491707,0.059376619328076426,0.06443896160769148,0.05364240818277246,0.03802662371132888,0.04541421880304858
2022-02-18,0.3432769808998992,0.27235131324598244,0.12208374709720034,0.059557517834704976,0.06478746749247107,0.05358421042306934,0.03873040933364666,0.04562835367302606
2022-02-17,0.3440042172625103,0.27027739040689047,0.12304698770741333,0.06034095908934992,0.06476637486164769,0.05371090509489868,0.0386718825491016,0.045181283028187885
2022-02-16,0.343852085257399,0.2711371275761818,0.1215244257913459,0.06107153729805916,0.06416211543729115,0.05412382829436833,0.03839223864125661,0.045736641704098205
2022-02-15,0.34390623768254586,0.2723504467871024,0.12138722004285803,0.05900808007887534,0.06396662577364798,0.054450231902289106,0.03877011074812635,0.04616104698455488
2022-02-14,0.3420120186384086,0.27225618171665417,0.12169110098531626,0.05680559123061227,0.06423864186366511,0.05376095459248753,0.03939173924564518,0.04984377172721076
2022-02-11,0.340481798163408,0.2710606368247587,0.12185577467112874,0.0575545414454527,0.06482507633435136,0.05385625330261933,0.040253104236426814,0.05011281502185431
2022-02-10,0.3404915070307588,0.2723481199811486,0.12277683712038062,0.0568990884589562,0.0640949303494745,0.053871556346730944,0.03905943611926483,0.05045852459328533
2022-02-09,0.3416486935747983,0.2713298672795257,0.12338952729156144,0.05687523320372799,0.06406154370992481,0.05406819129670441,0.03845256388786113,0.05017437975589634
2022-02-08,0.34820695675287006,0.2695300724592894,0.1216264354902514,0.055944145923573205,0.06325669234884508,0.05375030447755246,0.03766609591868944,0.05001929662892898
2022-02-07,0.349969215847829,0.2679718045536224,0.12118091934155964,0.05670269877866056,0.06368796691427246,0.05275673006269853,0.03842437228776101,0.04930629221359641
2022-02-04,0.35117938641685653,0.2668910610900783,0.12164694609242939,0.05506701534028537,0.06411921737816813,0.05322162133203912,0.0388310386538138,0.049043713696329434
2022-02-03,0.3488942025168814,0.26756183916442294,0.1221352958773169,0.055998115169034315,0.06398600907513155,0.05377571275001507,0.03864310384670236,0.049005721600495315
2022-02-02,0.34928190644003243,0.26712298691712183,0.12262740847741105,0.05636892008009089,0.06395590601762563,0.05331912810931828,0.037871747878548544,0.0494519960798512
2022-02-01,0.3516478941479572,0.2670055843799887,0.12224260143561162,0.05699268749589068,0.06436971983727474,0.05320537177836567,0.03771247663971925,0.046823664285191975
2022-01-31,0.3431160262526687,0.27011407878625737,0.12287514021598078,0.05850139433409587,0.06583085505704646,0.05489453589451114,0.03754215953213722,0.047125809927302385
2022-01-28,0.3406863403672094,0.26914194986079437,0.12579350249880247,0.059527296339692615,0.06490241448988998,0.055190463545151454,0.03751007371554506,0.04724795918291451
2022-01-27,0.33667841657302056,0.2762561658242187,0.12519278799550687,0.05773403041367789,0.06430479252600023,0.0561358316467941,0.03684123320820294,0.046856741812578755
2022-01-26,0.3370422836739953,0.27455171323578703,0.12325247597154329,0.05995267500472918,0.06387999425943451,0.05726762387666931,0.0371529357557807,0.046900298222060634
2022-01-25,0.3401932876719805,0.27410100798116593,0.12321367221662126,0.058379338680336804,0.06347304061938899,0.05660829400603795,0.03682945137344072,0.047201907451027945
2022-01-24,0.34334956209673073,0.27315770383715976,0.12200240372654561,0.05722888011974367,0.06309021085485086,0.05750030048950663,0.03539183024836448,0.04827910862709828
2022-01-21,0.342152835447856,0.27396124834585495,0.12217851540065161,0.057142165712350534,0.06236917862451538,0.05815868601094261,0.03529952221060179,0.04873784824722724
2022-01-20,0.3410812021151179,0.2722673449511614,0.1241876523656041,0.05717276411095935,0.06298701910963103,0.057681991668747434,0.03589305177187305,0.048728973906905705
2022-01-19,0.33840457677334823,0.2716914094824932,0.12586212548436326,0.056924960434335196,0.06361583361951798,0.057545443082255544,0.036587932077817034,0.04936771904586958
2022-01-18,0.33717965693319973,0.2718064928517021,0.12578863067701504,0.05741514655521612,0.06373729794616782,0.05738446518161939,0.03667403539195417,0.05001427446312541
2022-01-14,0.33424339955481425,0.27308640085843994,0.12567690953852337,0.05828962428303252,0.064221668986016,0.05750685719925172,0.036433213530030636,0.050541926049891446
2022-01-13,0.3360274767442202,0.27468484078728567,0.12394146568065545,0.057043147000103864,0.06344024794836507,0.05843644903965179,0.03584329317075886,0.05058307962895927
2022-01-12,0.33614578265036,0.2739519520713152,0.12424448850977779,0.057092718460302304,0.063483267989694,0.058646821480598674,0.0362243187617859,0.050210650076166014
2022-01-11,0.3370834582207794,0.27528432797984653,0.12303216558753517,0.05713045418265205,0.06312094198414495,0.05824770645825126,0.03616633910327093,0.04993460648351974
2022-01-10,0.3345324837293513,0.2783298883968606,0.12334021066092599,0.056880297340897314,0.06263382994579347,0.05933178904816716,0.03490168731793697,0.050049813560067144
2022-01-07,0.33586984532344233,0.2776015976771798,0.12250371940974872,0.056622285706254515,0.06257365726889462,0.058812267509513176,0.035725503913703396,0.05029112319126333
2022-01-06,0.33806052522331076,0.27771454231951975,0.1209990089246989,0.05585127657625155,0.06179026159147884,0.059349515536433896,0.035762025552026025,0.05047284427628011
2022-01-05,0.3371817604469845,0.2811155940272679,0.11905362292810626,0.055693489842680376,0.06181128430990212,0.05957211437097424,0.03544933436005258,0.05012279971403199
2022-01-04,0.3334097472913356,0.2796089482484592,0.12126558969744154,0.05575538835423104,0.06303692614562494,0.059820783545476035,0.03724029913544696,0.049862317581984644
2022-01-03,0.3321013044320243,0.28382329017176106,0.12012240929303276,0.05495736898614816,0.06228834636106608,0.06099215582688324,0.035814297281029306,0.049900827648055375
