Date,Weight AAPL.OQ,Weight MSFT.OQ,Weight GOOGL.OQ,Weight NVDA.OQ,Weight META.OQ,Weight V.N,Weight MA.N,Weight AVGO.OQ
2022-12-30,0.3098373483643614,0.2679833909170802,0.17163762133745522,0.053890192527074325,0.04730214666938955,0.06420817250050588,0.05011627743838181,0.035024850245751644
2022-12-29,0.3087652803039729,0.2690439076657859,0.1718924470896276,0.053795795909728085,0.04722344462212126,0.06423660601488511,0.0501352867603258,0.03490723163355342
2022-12-28,0.30861526800499434,0.2690949624617393,0.17177814465224686,0.053145766653257154,0.04666470158431994,0.06504976510122162,0.05060389395443516,0.03504749758778557
2022-12-27,0.31281589206701793,0.2671274004742139,0.171547016507511,0.05253237095557038,0.046348102988973336,0.06431724977760363,0.05033087070723405,0.0349810965218759
2022-12-23,0.31285507544152197,0.265421000723964,0.17277565143366244,0.055790650224420396,0.04616425685716189,0.06329113024384857,0.04927147959801979,0.034430755477401015
2022-12-22,0.3146765147342741,0.26561708644027965,0.1703762316870528,0.056447886290951786,0.045942213066158206,0.06324400003786015,0.04912050134011457,0.034575566403308715
2022-12-21,0.3143976289907604,0.2658599454422139,0.16976656118353142,0.059227966279768215,0.04582036607189621,0.06221223891696221,0.048495270360124215,0.03422002275474338
2022-12-20,0.31197394818071966,0.26718552872072227,0.17134021745843117,0.058653759429587275,0.0455118831164921,0.06275934240668975,0.04887666979158121,0.03369865089577659
2022-12-19,0.31301728441169047,0.2664413850880434,0.17079689371782178,0.05943678491451418,0.044622601462352945,0.06277043756685716,0.0487726611568453,0.03414195168187491
2022-12-16,0.31247553186567134,0.26636417592336276,0.17113084490115016,0.059528708975692346,0.04573212585341059,0.062288086088856026,0.04855667960488346,0.03392384678697314
2022-12-15,0.3136999862705106,0.26816172295143204,0.170190072121754,0.06024473458310164,0.043999483342509825,0.061924323457331204,0.04809323000339494,0.0336864472699658
2022-12-14,0.3162066378950118,0.2661340986109051,0.17099070289658957,0.06034604215324552,0.04425292795303146,0.06104263277860852,0.047708762015334846,0.03331819569727333
2022-12-13,0.3192244524092116,0.26419146058738163,0.17092380713435934,0.061326083937435626,0.043460328172669184,0.06058818028287975,0.04736806911225858,0.032917618363804274
2022-12-12,0.3218524218339828,0.26356984607229333,0.1693207237243602,0.060400573731085136,0.04211790731275233,0.061948745182472946,0.04821925683883309,0.032570525304220346
2022-12-09,0.3224831065511366,0.2608781202494598,0.17153853436042796,0.05963762292568631,0.043822160993730375,0.061355859862329984,0.04782507914772304,0.032459515909505944
2022-12-08,0.3220360469111401,0.26171617047802037,0.17232865065968878,0.059936863824870436,0.043396609780548906,0.06117736783733956,0.04791400059845867,0.031494289909933325
2022-12-07,0.3216027942626666,0.26129529269568924,0.17644216892456396,0.05688095602137964,0.04333157189218294,0.06145483152701489,0.047912924242711416,0.03107946043379129
2022-12-06,0.32299030026415987,0.25959944500504883,0.17861565399365925,0.05587404835371054,0.04299019588810778,0.06124115828912623,0.047471338450490744,0.03121785975569678
2022-12-05,0.32282767388666206,0.2581269669343648,0.17852527027871512,0.056550162610654424,0.04492794679538674,0.06096995030498892,0.04738272301499129,0.030689306174236656
2022-12-02,0.32130127363817984,0.25976523157247067,0.17796053247896654,0.05672760523886609,0.044742600345872637,0.061318468412956746,0.047303777442068595,0.030880510870618872
2022-12-01,0.3217814980254282,0.25894091505764305,0.17851354223749824,0.05748983290855046,0.04355541751360756,0.06101750028784317,0.047311800793188814,0.03138949317624049
2022-11-30,0.3218587203095947,0.2599514492432991,0.17903553265338373,0.056899598105175905,0.042800243394173994,0.061147586304415316,0.04683446374226584,0.03147240624769128
2022-11-29,0.3243141572295305,0.2587197778933141,0.1781422623080682,0.05555827787409373,0.041914060545974505,0.062244141649086406,0.047642495131464714,0.031464827368468035
2022-11-28,0.3275785943839647,0.2573194541947856,0.17767591172888533,0.05559105672045756,0.04118318002820628,0.06218868062124694,0.04730477807098812,0.031158344251465575
2022-11-25,0.32911976597089443,0.2577065102641085,0.17632154672837994,0.05590793349564974,0.04126430718834619,0.061568846148378556,0.04717888645224766,0.030932203751994927
2022-11-23,0.3325088558372352,0.2553516665591733,0.17662289011790552,0.056224427743684524,0.041176880819226394,0.060396452266799926,0.04637826691289737,0.03134055974307776
2022-11-22,0.33396023824545346,0.2553289580449112,0.1758260114458411,0.05515046451403759,0.04130518443217355,0.06061609121911948,0.04636216591500179,0.03145088618346196
2022-11-21,0.3346454653506389,0.25644670509682677,0.17605929273981916,0.053553011936944506,0.04140132882381507,0.06045597904578172,0.046221496938217074,0.031216720067956807
2022-11-18,0.3376418394172638,0.25226528993748354,0.1772269274652154,0.053178586955073624,0.04168105429328664,0.06097063034266619,0.04635805925144613,0.030677612337564684
2022-11-17,0.33605053155550474,0.2525065011958913,0.17854962205228353,0.054052148710291764,0.04141851979326609,0.0609676726970105,0.045987958327501605,0.030467045668250564
2022-11-16,0.3324003864862491,0.25305590682974644,0.17979173525155925,0.05496348469866895,0.04216286206810192,0.06084158899640218,0.04627966705637554,0.03050436861289645
2022-11-15,0.3327710702224832,0.25147694926590747,0.17787164737213498,0.05715920619052983,0.04328147191012853,0.06035887898842657,0.04604581961807451,0.031034956432314898
2022-11-14,0.333431938116039,0.25452462836745726,0.17537040857187172,0.056662442013135514,0.042810231402738125,0.06028443341868375,0.046122239151652915,0.030793678958421708
2022-11-11,0.3333769804234451,0.25787086657302405,0.1749561938489918,0.056225911462668296,0.041951733514215446,0.05916593241516194,0.04566644280318771,0.030785938959305623
2022-11-10,0.33297110138731423,0.258132166370615,0.1734761800194155,0.05589005657856174,0.042273468806761506,0.06040004016514479,0.04621292694129071,0.030644059730896605
2022-11-09,0.33189628256086634,0.25889333568181655,0.17490569791823418,0.053062866597875305,0.041620327284066234,0.061849482724961984,0.04694522022542672,0.030826787006752704
2022-11-08,0.33468531295298065,0.257305735667357,0.1735414915220797,0.054834682653663806,0.03857762840919232,0.06295739110691369,0.04723448523943986,0.030863272448372933
2022-11-07,0.3350575090929832,0.25753714916714415,0.17379369033456812,0.0539885335063855,0.038882275109459595,0.06276359738513625,0.04739406287384525,0.030583182530477798
2022-11-04,0.3398536888446024,0.2547855613229866,0.1731152538042038,0.054417647018450574,0.037165285904552876,0.06291395007612413,0.047256669950418446,0.03049194307866128
2022-11-03,0.3481848155037163,0.2517034109392972,0.17023754514762132,0.05266663114204214,0.03715365378952571,0.06349707855732052,0.04684678386699919,0.029710081053477673
2022-11-02,0.3516913257749648,0.25010478641002776,0.171681765754075,0.05017448873514765,0.03659528216561809,0.06337208247716787,0.04687289140686879,0.029507377276129905
2022-11-01,0.3521608883985791,0.24993592107889173,0.1720919019074494,0.04955270953299226,0.03709280985273376,0.06290738044111899,0.04707347492343447,0.029184913864800148
2022-10-31,0.35247310753133515,0.25003450774920966,0.17688395084671685,0.0485610780826781,0.035692815611198775,0.06192736328235972,0.045592662495921706,0.028834514400580057
2022-10-28,0.35182401830290044,0.24968713833289577,0.1772300033907499,0.04891630326952352,0.03735233761378219,0.06150121452870871,0.044983527163327465,0.028505457398111847
2022-10-27,0.3437797809414754,0.2522651253025196,0.1784816992526905,0.04896388825967421,0.03875722448057365,0.0630761293938244,0.04582665966508305,0.028849492704159277
2022-10-26,0.3434738203607625,0.2492870670831252,0.17752983406133638,0.04642201435307212,0.04976348862195133,0.060812944594956904,0.04441045108237463,0.02830037984242096
2022-10-25,0.334791924181546,0.25813340385578515,0.18719273702481726,0.045616067287508076,0.05037048172330141,0.055554437969136866,0.04136241542458448,0.02697853253332066
2022-10-24,0.33532385327235426,0.25995787588419694,0.18753775619783608,0.04424713424501221,0.04851279188409514,0.05564781969751927,0.0414413785731087,0.027331390245877333
2022-10-21,0.3351735594395376,0.2582166726853363,0.18756759098802558,0.04440819594207512,0.04931885927593912,0.05634561622119302,0.04165831004862079,0.027311195399272455
2022-10-20,0.33294492185452246,0.2569446806492679,0.18935718848844488,0.04431801137452679,0.05159597846020636,0.05653428836949467,0.04164504636513296,0.026659884438404075
2022-10-19,0.33357347233283846,0.257017224651801,0.18854213893904545,0.04373761320811568,0.05219044258503317,0.05621171227032766,0.04179509232889113,0.02693230368394741
2022-10-18,0.3319408273515408,0.25814134305167924,0.18986934435783326,0.043253240809309354,0.05180699423240907,0.05620762273019469,0.041988592326190295,0.02679203514084343
2022-10-17,0.3308854236425736,0.2586854375562761,0.19011466758757473,0.04323410660760003,0.0526149389232316,0.055975956619242095,0.041497843843093025,0.026991625220408967
2022-10-14,0.3325712909390083,0.2574708225473582,0.1897905985722266,0.04223336598820014,0.05146727357531508,0.05707762932596714,0.042000131858437796,0.02738888719348692
2022-10-13,0.33455751877830003,0.2563183693598454,0.18914521243032512,0.04370327993436132,0.051386719705907705,0.05606364092202872,0.041543016786991356,0.0272822420822402
2022-10-12,0.3335615933433668,0.2545713766271876,0.19206162220942463,0.043305577317376755,0.05182187659828952,0.05576693562202516,0.041270727863422,0.027640290418907556
2022-10-11,0.33444235581909426,0.25370245254370105,0.19105789804708606,0.04354318721170588,0.052141310801822646,0.05593773477469158,0.04157723294329694,0.02759782785860163
2022-10-10,0.33331710218010513,0.2545191669258847,0.18975737893684552,0.04326305749931705,0.05353366355834036,0.056114185752284225,0.04183394419224852,0.027661500954974494
2022-10-07,0.3291921641858285,0.25744587234295996,0.18945418020571406,0.044318309093778284,0.05286102920681659,0.05605341541666205,0.041866327459411296,0.02880870208882928
2022-10-06,0.32861480063661924,0.2608213832014704,0.1871540254651938,0.04633568266358421,0.05297137584366801,0.05441655280682066,0.0408397347178741,0.02884644466476964
2022-10-05,0.32864322835714216,0.26164604196378216,0.18592254397096059,0.04630962620719412,0.05259089980583983,0.054666567355100025,0.04124653637767361,0.028974555962307563
2022-10-04,0.3284885806944154,0.26172341526176,0.18658354950280895,0.0462354001137189,0.05316679741220692,0.05416370365482886,0.04091387483417827,0.02872467852608275
2022-10-03,0.3299481130208899,0.26080383399883705,0.1864637991157379,0.04526136580515968,0.05411933376816501,0.054596139721401295,0.04063910129692915,0.028168313272880066
2022-09-30,0.32981919706717217,0.2599680014826913,0.18617124409417407,0.04524478433354807,0.05458312604531855,0.05501440722088317,0.040987413214063004,0.028211826542149734
2022-09-29,0.3330538972238954,0.2596920691663926,0.1869161513302932,0.04461177912528786,0.05375037580903953,0.054616164537423864,0.04063112764693794,0.02672843516072953
2022-09-28,0.3396461112375497,0.25560921664597896,0.18614782918275982,0.045086825312051756,0.05410874831709788,0.05270256509591236,0.039868592545986806,0.02683011166266272
2022-09-27,0.3475667818540502,0.2532685402151033,0.18321230794658314,0.044399228554067784,0.05188656211433186,0.05285997931850863,0.03976855386471844,0.02703804613263688
2022-09-26,0.3448123248751397,0.25402384135347444,0.1842516870101285,0.04367581320547005,0.052572831614360244,0.05359260689224066,0.040215649835303346,0.02685524521388325
2022-09-23,0.34410039124855285,0.2525582416946283,0.1837008231089004,0.04435876161840549,0.053711694887742495,0.054170503802499034,0.0403819369886355,0.027017646650635926
2022-09-22,0.3445863373461461,0.25229355187502334,0.18374166852131077,0.04390688542753755,0.05388332697835317,0.053958064786342144,0.040475836772995565,0.02715432829229142
2022-09-21,0.34596662976336506,0.24956906572869314,0.18198951296045232,0.04624270793142141,0.05349080583333948,0.054185196248149485,0.041209856459265115,0.027346225075313948
2022-09-20,0.34666083841881135,0.24859014700329576,0.18196045395977528,0.04510540363047104,0.05397870176136492,0.05462986643426264,0.04162081846436281,0.02745377032765609
2022-09-19,0.34042121264944813,0.25005677400472864,0.18501259547317947,0.045690775265346595,0.054548757169760695,0.05478767325189182,0.04161265851962127,0.02786955366602332
2022-09-16,0.3353038159378606,0.25270281662894206,0.18635734871317905,0.045498440968862464,0.05443271418943395,0.055366345759324254,0.042162364922488954,0.028176152879908704
2022-09-15,0.3370971328900474,0.2519269544839709,0.18563389202822592,0.044318359342992775,0.055330184090219205,0.05564193576533975,0.042166739322212654,0.027884802076991518
2022-09-14,0.3363710604933537,0.25350037688159777,0.185301936664017,0.04405355095619619,0.0548612800761421,0.05559745360329094,0.04243721742267219,0.027877123902730186
2022-09-13,0.33461537483672854,0.25435472548589705,0.18499574492224766,0.0442524754622702,0.05570023274125885,0.055908546477205286,0.042565478677772974,0.027607421396619328
2022-09-12,0.3345178486688382,0.25328471704761646,0.18497047438008274,0.04600111891386336,0.05783510413307226,0.05444646061588672,0.04165369237030952,0.027290583870330638
2022-09-09,0.32737970919647075,0.25531109639060456,0.18773545862042043,0.04637278780297911,0.058846674116037695,0.054953572773565065,0.04201313950199911,0.027387561597923125
2022-09-08,0.32852514116105297,0.255168235564823,0.18794937523057081,0.04610345178789097,0.05764325827551194,0.05495539754365954,0.042215175877719835,0.027439964558770985
2022-09-07,0.3308975184245374,0.25411561028896684,0.18932038624834457,0.04508245695167942,0.05690857063825827,0.0547406694506955,0.041926078648929395,0.027008709348588445
2022-09-06,0.33304217840635075,0.25328867449725456,0.18739508006584382,0.0449630682568447,0.05714067869353025,0.055111458347739756,0.041999936508998616,0.027058925223437513
2022-09-02,0.3329909037609066,0.25395611051300754,0.1877621587306854,0.04518948396581786,0.05729871116441986,0.054408187543584494,0.041453148550028816,0.026941295771549287
2022-09-01,0.3324401312971034,0.25432390496539126,0.18811255817869574,0.04544632480141654,0.058199183303236486,0.054220969450004056,0.04116172767561427,0.026095200328538286
2022-08-31,0.3309535498358069,0.2554235883986359,0.18565265422170135,0.049229649679558556,0.0573562060037657,0.053847771915949624,0.041059145073855344,0.026477434870726655
2022-08-30,0.33217947020076527,0.25509835029428013,0.1856122940194512,0.05009782504231262,0.05493937154553669,0.05419093693570242,0.0412053614381151,0.026676390523836583
2022-08-29,0.33374799062078225,0.2545490479519281,0.1844005028383671,0.05063101916162992,0.0550491061271608,0.0538664051055844,0.04095779670297779,0.02679813149156948
2022-08-26,0.3343189914996533,0.2542056258190774,0.18374428540133125,0.051476421565006356,0.05528019895677469,0.053367156662262195,0.0407868706288841,0.02682044946701058
2022-08-25,0.3320525107272976,0.25271542201682556,0.18568791739679558,0.05420167244888284,0.05512166187458374,0.05274931923227963,0.04047572787874004,0.026995768424594956
2022-08-24,0.3333681996695508,0.2546771488762798,0.18439431685680013,0.053098018436234226,0.05432897105745015,0.05294168790552375,0.04064900151526477,0.02654265568289636
2022-08-23,0.33294397750234905,0.25540990838402455,0.1846884028018674,0.05299910789977574,0.053641335022549065,0.053002489787879505,0.040811372911824344,0.026503405689730346
2022-08-22,0.3324247691466146,0.25570019371055114,0.18457724518326862,0.05235725835033494,0.05409261984164163,0.053274697462129275,0.04121617615124779,0.026357040154211996
2022-08-19,0.3311061705268778,0.2563457607845095,0.1843240253404042,0.05338626572554509,0.05422236784703425,0.05288758156041873,0.041125303129388446,0.02660252508582202
2022-08-18,0.32967122359417583,0.2549118085397165,0.1851419430115318,0.05528343894897987,0.055293123474253636,0.052455313170078254,0.040679299937667786,0.026563849323596355
2022-08-17,0.3309945771796338,0.25636055905300775,0.18456307216170126,0.054086110264635875,0.055448112720427094,0.05236698575390528,0.040517521484477396,0.025663061382211475
2022-08-16,0.3260069676911659,0.2559310140540385,0.18669565726221704,0.055333516432906515,0.05654802533638446,0.05266645306369374,0.04070166927019126,0.02611669688940258
2022-08-15,0.3254341588386028,0.255908033377309,0.1867678047073751,0.05563249819410554,0.05684273807130822,0.05235118053298484,0.040671713689003505,0.026391872589310972
2022-08-12,0.32562311336038374,0.25630861875801997,0.18756889852916522,0.05506666035591511,0.05711256520611837,0.051473567597795346,0.04030683533071361,0.026539740861888664
2022-08-11,0.3252248549328795,0.2570997425211587,0.18691134238521181,0.05387462499045698,0.057293267910465295,0.052449994467551754,0.040691781588351815,0.026454391203924184
2022-08-10,0.32464365973707227,0.25740798102134593,0.18706740948638279,0.054002554607943766,0.05721010934351843,0.05237612209118549,0.04076203382454856,0.026530129888002785
2022-08-09,0.3252987521598508,0.25840435730321365,0.18737942089332585,0.05242679184112515,0.05559124476561786,0.05338933287157607,0.04110289503589849,0.026407205129392188
2022-08-08,0.32392058558447334,0.2555823615680368,0.18768797866237252,0.05438133929900715,0.05593763981083758,0.05395320506087868,0.04160513215779539,0.02693175785659851
2022-08-05,0.32238122740133346,0.25597274582160146,0.1864555089374115,0.05759323177734864,0.054486397072774334,0.05418094799979541,0.041914443943767574,0.027015497045967753
2022-08-04,0.3220663200505107,0.2556802974525347,0.18683958300975534,0.05806023508987174,0.05540607018211522,0.05337774279696216,0.04158914058470251,0.0269806108335477
2022-08-03,0.323957346358919,0.25561832280863384,0.18741546876599532,0.057311859806031186,0.055046830319930413,0.052335084416201695,0.041525269234421715,0.026789818289866936
2022-08-02,0.3214458793825615,0.2562057994833965,0.18831895218581157,0.05789568635457312,0.05381659864334541,0.05334141276879767,0.04216077428971964,0.02681489689179465
2022-08-01,0.3222541483249485,0.257418289707984,0.1864870618994269,0.05723838570226913,0.053364094354749605,0.05428885257036869,0.04205780969677699,0.02689135774347625
2022-07-29,0.32229755116338493,0.25838130908409807,0.18748651212951217,0.05603615240844605,0.0527675829696166,0.05415353634188932,0.042192225968820336,0.0266851299342325
2022-07-28,0.3177915782629718,0.2590653147172912,0.1875238775294014,0.05650224968417814,0.054283228188573035,0.05494986776443839,0.04280387836328102,0.027080005489865118
2022-07-27,0.3196478996942622,0.25425276883944886,0.18750636642937815,0.05642002218567799,0.05781602541191863,0.05523730214568822,0.04208228514785117,0.027037330145774818
2022-07-26,0.32465800056867317,0.25034271571415434,0.18289143209117087,0.05507853542949323,0.05699721792461545,0.05858064751111169,0.04394887031539453,0.02750258044538678
2022-07-25,0.3212415658945612,0.2522764717513113,0.18383986004636582,0.05562213732519343,0.058533929142653505,0.05793384930909452,0.043472609085818875,0.02707957744500132
2022-07-22,0.32161132773683104,0.2523867645187858,0.1831583928474569,0.05623199652875785,0.059082244104830546,0.05741827842054995,0.043231764142011325,0.02687923170077653
2022-07-21,0.31511888743900707,0.24950668586811472,0.1906225713073847,0.0569566178635079,0.06256925927935279,0.05645306698540235,0.04238690170281108,0.026386009554419446
2022-07-20,0.3136579806191895,0.24965222029279108,0.19194368602835332,0.056773537199829,0.063191621725577,0.056295477233524,0.042129728037063406,0.026355748863672757
2022-07-19,0.3132601354799238,0.2500640049262117,0.19414516176474306,0.05483735423277457,0.06141028820938437,0.057215995179812774,0.042533524946967396,0.02653353526018226
2022-07-18,0.3148699884366645,0.25281542553505926,0.19202935513599834,0.05362457154604296,0.06029271724463691,0.0572642971326067,0.04268619540594273,0.026417449563048485
2022-07-15,0.3173402825670952,0.2519632252862361,0.19438899195640352,0.05181519727435084,0.0586109976565598,0.05729412364511879,0.04233155790506248,0.026255623709173243
2022-07-14,0.3187977640255596,0.25299823365751034,0.19480766941969696,0.05126792756921997,0.057062338845116585,0.056984279754866314,0.041973403158712494,0.026108383569317842
2022-07-13,0.31422414306968965,0.25311417637991196,0.197487251570629,0.050869680568673616,0.059371238769812686,0.0568272784638127,0.04200299997392837,0.02610323120354201
2022-07-12,0.3130803525489893,0.2524987102228222,0.20094959984992572,0.050282558731030574,0.05892566707792138,0.05666214791115117,0.04167811072992896,0.02592285292823067
2022-07-11,0.30726858244287814,0.2601670199571436,0.20145510038696118,0.049917001154273895,0.058087938960974174,0.05605594991290944,0.041353615736191986,0.02569479144866752
2022-07-08,0.30591779962237486,0.2582397999609132,0.20384399897126687,0.051180959043781546,0.05977767206019583,0.0545863551049297,0.0404228209838772,0.026030594252660876
2022-07-07,0.3049379446986767,0.2593413120709528,0.20293950414177403,0.051322284956129824,0.06032609005370341,0.05446126934668558,0.04060988390311398,0.026061710828963726
2022-07-06,0.30427918135016513,0.262829462693464,0.20012341839129286,0.050033051105546164,0.06077412157125738,0.05518684401012666,0.040995297684980586,0.025778623193167188
2022-07-05,0.30450025652339013,0.26219568515826525,0.19987424940937176,0.049995813175811026,0.0608311167572,0.055596721993863465,0.04130149716237671,0.02570465981972168
2022-07-01,0.305556065638409,0.26475035551128545,0.1959797205245439,0.049612377451296735,0.059179976575363114,0.05646010329742448,0.042094350820346904,0.02636705018133033
2022-06-30,0.3022531908969925,0.2633025388067479,0.19745968758590468,0.052053295001088636,0.059940046845139754,0.05610009159823611,0.0419454495803714,0.026945699685519083
2022-06-29,0.3019486500608631,0.2622720261833924,0.19868701138220898,0.05235353386962762,0.0597810735642333,0.055997139744291616,0.0422770060472643,0.02668355914811863
2022-06-28,0.30027689839526683,0.2603793608566321,0.20071500953789287,0.05423488570920194,0.05902678210159475,0.05602214965649247,0.04202278424003891,0.027322129502880182
2022-06-27,0.29921477293774584,0.2599834092478409,0.2008445260009239,0.05534316098965575,0.06019471798470702,0.05564817317224142,0.04197205963306926,0.026799180033815956
2022-06-24,0.2979201695137479,0.2601530590278548,0.2023466318512883,0.05563281771021312,0.05983733954095621,0.055627804981396085,0.041769647207444686,0.026712530167098878
2022-06-23,0.3020770261073928,0.26132597408549724,0.19990667888810584,0.05475160918315668,0.057991667709858655,0.055292712416866306,0.04158691865821655,0.027067412950905867
2022-06-22,0.30017641928469474,0.25941186055815324,0.2016622267824425,0.0560433464780884,0.05779459826791361,0.055325226055401994,0.04213550206971258,0.02745082050359303
2022-06-21,0.30021290459506417,0.25907327390181784,0.20095182851597956,0.05653870880890757,0.05802375781477181,0.05528228632598139,0.04214532214471147,0.027771917892766212
2022-06-17,0.2983656630094702,0.25953217469215284,0.19835787119304002,0.055628573450028286,0.06209289272280352,0.05546355846940637,0.0423437119065593,0.02821555455653946
2022-06-16,0.29826054251835865,0.25959292552105695,0.19839744723403338,0.055262043301940365,0.06168637443140036,0.05580010687530437,0.04255375521951527,0.028446804898390465
2022-06-15,0.2988881367628394,0.2567488020649876,0.19765188036992368,0.056339147934426466,0.06249440395009959,0.05571992809665971,0.043155353215137915,0.02900234760592566
2022-06-14,0.3004708776469064,0.25569612068178216,0.19695023941692907,0.05536089250623003,0.061962015159729114,0.05637249962449382,0.04381435982134129,0.029372995142588263
2022-06-13,0.3003448026502403,0.2549475203210485,0.19758753042494825,0.05504206429657933,0.06255112588013091,0.05635551407918361,0.0437597495363231,0.029411692811545945
2022-06-10,0.29845529218275857,0.25443570743247623,0.19708956101496578,0.05706284940741847,0.06389387787825837,0.05588789753134682,0.04378285404558344,0.029391960507192293
2022-06-09,0.29810176749241235,0.25571293519332633,0.19535115177395035,0.05826057295770317,0.0642988453211949,0.05544068395741955,0.043831397955113045,0.029002645348880213
2022-06-08,0.29991726673292857,0.25328402080051904,0.19333400489724245,0.05838642114704552,0.06664861707907258,0.05570078573074095,0.044136522805614385,0.028592360806836668
2022-06-07,0.29999149369495115,0.2540172267074467,0.19236163275981064,0.058972569475310814,0.06599495682398024,0.05569322390443954,0.0441296706792053,0.02883922595485569
2022-06-06,0.298239787920377,0.25343865118087666,0.1941420852644521,0.05921793309741269,0.06628566785894968,0.055931958122497516,0.04416767245761388,0.0285762440978206
2022-06-03,0.2984547767513331,0.25615196945957247,0.19135705241917877,0.05936113035436419,0.0654890731661642,0.05618825593125772,0.04414435294008594,0.02885338897804348
2022-06-02,0.301665679385387,0.25312916542124675,0.19103849170164783,0.060373535633098066,0.06633686674745802,0.055219329877014924,0.04352957138802217,0.028707359846125304
2022-06-01,0.3034951159526043,0.2569084673720265,0.18932905034822475,0.057750992237758245,0.06437354865305683,0.05514324685000883,0.04379145830487271,0.02920812028144787
2022-05-31,0.30273381790792153,0.2555232723833742,0.18849922975155708,0.0586616890530174,0.06585647492422476,0.0555432832867894,0.043742464129365895,0.029439768563749788
2022-05-27,0.3037648605952133,0.25630790885744836,0.1859038958162345,0.05898263433154008,0.06623324123294883,0.05562000078713929,0.04364581103100676,0.029541647348468807
2022-05-26,0.30219871515072777,0.25825002271717795,0.18476305624366238,0.0579534283225504,0.0673472340417958,0.056417082497428064,0.04419390105339631,0.028876559973261495
2022-05-25,0.3021205833114386,0.2608149404658046,0.1851330196998989,0.056373422804793516,0.06608770805671546,0.056407633421427864,0.044544667327276334,0.028518024912644737
2022-05-24,0.30418094079502495,0.2599888252211715,0.18683312723474466,0.05407433234835813,0.06569021175061432,0.05651954785393996,0.04436951687882766,0.02834349791731873
2022-05-23,0.3018939884349811,0.25407978276270926,0.19151884838371755,0.05506076452046631,0.06921687967959193,0.05635525777396328,0.044170945808700166,0.027703532635870422
2022-05-20,0.29872453138673516,0.2533824222621254,0.192743542382631,0.05598438028633017,0.07026141383427593,0.055617166091315624,0.04386241757508236,0.02942412618150448
2022-05-19,0.29735322957056304,0.25324021209141684,0.1947576776760858,0.05735462812359734,0.06924659023570652,0.05499604167153557,0.04322215777194445,0.02982946285915042
2022-05-18,0.3008047172590215,0.25079488815461803,0.19491347566856118,0.05597597723065398,0.06866354007223216,0.05498381609299306,0.043118831274499905,0.030744754247420136
2022-05-17,0.3037274682243292,0.2509256780029622,0.1930623120740667,0.057232180161749385,0.06895142891671084,0.05343616624616755,0.04144344132033839,0.031221325053675617
2022-05-16,0.30335553422847467,0.2518657661568904,0.19438449122570872,0.055671155067933444,0.06971857914861554,0.053066945417883184,0.04130139196332281,0.030636136791171092
2022-05-13,0.30428102712671234,0.24957478863666485,0.195692946915565,0.05665945477366885,0.06869383865536999,0.053038802282369034,0.041366870820597056,0.030692270789052793
2022-05-12,0.3044917828984504,0.25202385448765335,0.1963833691588751,0.053449227511952295,0.06829969361907676,0.05332351276628462,0.0412329286075082,0.0307956309501992
2022-05-11,0.3077914059854301,0.2529518378136166,0.1945031417737551,0.054054314866860374,0.06630479636012379,0.05319535062336599,0.04114337554136463,0.03005577703548347
2022-05-10,0.3142981574617329,0.2533214170923585,0.1894971377967053,0.055372453451597706,0.0672270711901663,0.05068179912514919,0.03976912448075083,0.029832839401539264
2022-05-09,0.31425414554172737,0.25266840466481993,0.18966205530184346,0.05419447143529746,0.06780306044018208,0.05133689923178734,0.04073458597754349,0.029346377406798935
2022-05-06,0.31271918887659544,0.2524149149906327,0.1871985792774428,0.05744614552002164,0.0677459607201456,0.05190367443549816,0.041476045476815715,0.029095490702847976
2022-05-05,0.3097681355502327,0.25323856885032936,0.18750621338981055,0.057605789366150274,0.06881505835921242,0.052196584375107095,0.0419604497368312,0.028909200372326395
2022-05-04,0.3112351799373564,0.25120264830130934,0.1867303155698412,0.058975325097874405,0.07003143249032527,0.051760963853753006,0.04151700421982407,0.028547130529716348
2022-05-03,0.3101175626857904,0.25319679070909346,0.18625636582140556,0.05897117388709133,0.06894131745874595,0.052198430934486124,0.041810465959944136,0.028507892543442895
2022-05-02,0.3076975204708144,0.25605970515660254,0.1852237311366824,0.0588660743512029,0.0687684046415734,0.05303409181471563,0.04202970881038735,0.02832076361802135
2022-04-29,0.3124618839458433,0.25417056569352253,0.1846896093391721,0.05687167205358811,0.06643770046724291,0.05436932635598211,0.043281346845293035,0.027717895299355918
2022-04-28,0.311672755746937,0.2549064420528323,0.18434262854196243,0.05829063960336863,0.06551928150866801,0.05409277718784557,0.04336011331662831,0.027815362041757753
2022-04-27,0.3119725195805633,0.26077118714982506,0.1858711975673361,0.056767368827645694,0.05828863239186721,0.0549099483978001,0.0432949111270143,0.028124234957948066
2022-04-26,0.3145068293071017,0.2504548282515497,0.19431593828386057,0.05830205012873911,0.06068826747376949,0.05191613915010214,0.041478017448075416,0.028337929956801684
2022-04-25,0.31442120630107506,0.25040634024060604,0.1934523342780603,0.05943743288369721,0.06035657406747017,0.05216344231040437,0.041135755177955584,0.02862691474073141
2022-04-22,0.31758451276059496,0.24856137808862913,0.19107272555387636,0.05926461251811164,0.06042924227318049,0.05259350057721142,0.041430352611528255,0.029063675616867613
2022-04-21,0.31676222966572254,0.24698372702510454,0.19340365364606701,0.059433710823724534,0.060037756687602695,0.053026353045452425,0.04189311453083343,0.02845945457549284
2022-04-20,0.31190569265513274,0.2473908756328788,0.19447084245094942,0.06198735091340249,0.06269418015810795,0.05228213830305714,0.04114675894331009,0.028122160943161358
2022-04-19,0.3093314743654878,0.24419268048788484,0.19585706977981912,0.0634602469842992,0.0673481123937114,0.0513460810257215,0.040607256257457675,0.027857078705618352
2022-04-18,0.31015087009148906,0.2441354775919439,0.19609303135199702,0.06332012989693137,0.06641875129631676,0.05159640423189123,0.040487264582291016,0.027798070957139605
2022-04-14,0.3135091613043666,0.24382173851706684,0.1950450667793763,0.061866791622163,0.06631081787979312,0.051565074781921245,0.040650817837844785,0.027230531277468047
2022-04-13,0.3149465922629631,0.24420856951974096,0.19470567947540465,0.0629666396964851,0.06609596127578067,0.050361409085950506,0.039315873861655824,0.02739927482201905
2022-04-12,0.3152158876303938,0.24360973152425397,0.19493336215662457,0.06203394825608328,0.06696776048728073,0.05077903002669036,0.038940779917263815,0.02751950000140954
2022-04-11,0.31045215160639356,0.2454463111730517,0.19610869916356302,0.06298741419005588,0.06743853563543215,0.05138958260896907,0.03897036425552187,0.027206941367012717
2022-04-08,0.30886400010043696,0.24772827815514975,0.1965161989831548,0.06441530842870952,0.06715462353723568,0.05033951143259734,0.038314678826881006,0.026667400535834846
2022-04-07,0.30809537559374645,0.24778664406764817,0.1973612514400635,0.06648043107645082,0.06637433731670583,0.04942644805732617,0.03747258963188923,0.027002922816169984
2022-04-06,0.30736052219273285,0.24610498832948477,0.19823670757937925,0.06698769456875532,0.06643962287409495,0.05005112242823344,0.0378792137904826,0.026940128236836985
2022-04-05,0.30377921831582083,0.2478211762280077,0.19788877685344503,0.06904336288620863,0.0669189078636812,0.0501248713255037,0.037762562851787806,0.026661123675544907
2022-04-04,0.3039630462650832,0.24647465007718158,0.19772320199613114,0.07151155171661602,0.06627192227904598,0.04956426505903955,0.037435974403528555,0.027055388203374067
2022-04-01,0.303103516791006,0.2471676046732551,0.19778030322743947,0.07144034142856825,0.065035563068068,0.050288552893594726,0.03790838481837957,0.02727573309968901
2022-03-31,0.30437598513717185,0.24688993063055073,0.19676204508315395,0.07315593908489822,0.06465044509751196,0.04939066221902491,0.037314062603702576,0.0274609301439859
2022-03-30,0.3043731811877647,0.24686434915670533,0.19732667574086435,0.07291876586368148,0.06506845964672082,0.04926678161515568,0.037148846714552944,0.027032940074554652
2022-03-29,0.30364960258738066,0.24584801094673706,0.19635313932269496,0.07478263393142678,0.06505096302713123,0.04973193115268751,0.037353748685676876,0.02722997034626493
2022-03-28,0.3032848898700366,0.24651423904399578,0.1982338572159891,0.07496116449821898,0.06440983994857442,0.048991590004972864,0.036257922216377685,0.02734649720183474
2022-03-25,0.3048043324725501,0.24337120926191508,0.20010184999047115,0.07430213288902632,0.0645435424269487,0.0489605192839529,0.036469503296482485,0.0274469103786533
2022-03-24,0.30390200870929573,0.2438936852925849,0.20003836411294842,0.0755886316389619,0.06393758452689947,0.048746626746092654,0.036531828352597655,0.0273612706206193
2022-03-23,0.30504070492153695,0.2465639304994291,0.20089407409749177,0.07065738284855339,0.06380618977580514,0.0494332911436799,0.036730629005552295,0.02687379770795151
2022-03-22,0.29975779534093994,0.24801638651646993,0.20145546798864508,0.0724359319770063,0.06416214366823386,0.04984178799589684,0.0371733813046242,0.027157105208183784
2022-03-21,0.2989385624782739,0.24841451784514146,0.19954612335226246,0.07432438783407246,0.06376206495405401,0.05040735967589768,0.03741524332694423,0.027191740533353728
2022-03-18,0.2961485567074021,0.24925078266300082,0.1996154962048297,0.07347880983492805,0.06521239654838892,0.05084358346074555,0.03787036261301962,0.02758001196768533
2022-03-17,0.2969170286747356,0.2507008201320514,0.20095735027846026,0.07041412644140263,0.06408231611029297,0.05069753669627379,0.03835875771205223,0.027872063954731192
2022-03-16,0.29683156213554845,0.2515370429282332,0.20110175753523027,0.0700757927040391,0.06317129008694551,0.050632466539462566,0.03839914077877581,0.028250947291764965
2022-03-15,0.29791778388626544,0.2533937787085052,0.2013805589067562,0.06787327237007156,0.06152552052591311,0.050878010351343386,0.038544148802704126,0.028486926448440905
2022-03-14,0.2991437256792849,0.25221600006144035,0.20323808207786623,0.06515632087727583,0.06182331565330012,0.05112089644297582,0.03908882509254826,0.028212834115308477
2022-03-11,0.301446819876723,0.25065551644316514,0.2054088206504316,0.06622117733585456,0.060962918016548885,0.04923997619949663,0.03790005583688728,0.028164715640893023
2022-03-10,0.3025550986814359,0.2504020634852578,0.20493103585041433,0.06624860153812004,0.062143549545666886,0.04854840993339229,0.03710706182496151,0.028064179140751436
2022-03-09,0.30609551468165164,0.248956180868678,0.203340363288203,0.06622613954728114,0.06219231086188954,0.048213243053997726,0.03691896853975839,0.028057279158540477
2022-03-08,0.30885564363320606,0.24859245498157892,0.2021122039926324,0.0646541423156319,0.062262995149962176,0.04832150392016372,0.036934082286157834,0.028266973720667055
2022-03-07,0.31153915583151853,0.250573675383283,0.2002711997090423,0.06396908723940965,0.061150811449870404,0.04791845101937369,0.036654829526078375,0.027922789841424045
2022-03-04,0.30658355184386843,0.2501907910181206,0.2009188852587992,0.06601778483294402,0.06269636819554755,0.04835295487553835,0.03722395723027852,0.028015706744903467
2022-03-03,0.30641484699809424,0.2505816200673702,0.20022529405360404,0.06696377763016105,0.06240305242344594,0.04908041674844943,0.037648099900013374,0.026682892178861602
2022-03-02,0.3042715757903192,0.25191926868388737,0.19926380241837993,0.06777968411062417,0.06340991962553998,0.048933951222673314,0.03764989265031665,0.026771905498259294
2022-03-01,0.3027926249769653,0.25139002064381644,0.20155857070965666,0.06672713351344857,0.06297117432098222,0.049815477339803384,0.038281607887364476,0.026463390607962992
2022-02-28,0.30112317172275227,0.2503139474374587,0.1993948536401898,0.06812428957457155,0.06418924642802117,0.050640113450600745,0.03941269367551919,0.026801684070886508
2022-02-25,0.3011102450505711,0.24947130122695876,0.1989884830425598,0.06759495920808556,0.06412405794574903,0.05146014579492438,0.04038033141694188,0.026870476314209593
2022-02-24,0.3007265307994062,0.2500747985268262,0.19860897961623752,0.06722629904055233,0.06398502791733153,0.05159318913579659,0.040883854032373566,0.02690132093147602
2022-02-23,0.30598202558703275,0.24611443043644665,0.19755965404435055,0.06555662692622745,0.06327186787019912,0.05303888597785025,0.04135907345921861,0.02711743569867462
2022-02-22,0.30655835575653373,0.2465853539891843,0.19588122276117648,0.06684788693677043,0.0628810300134392,0.05305161487124635,0.04115415397309274,0.027040381698556798
2022-02-18,0.3091513793217847,0.2444199547396403,0.19524176816331215,0.06692589545928865,0.06354088143997852,0.052872662138665906,0.04094673696770361,0.026900721769626178
2022-02-17,0.3083601257243476,0.24386211529712426,0.19587102153338903,0.0685495920711084,0.06325734812853591,0.05269437969678403,0.04086995044308203,0.026535467105628777
2022-02-16,0.3050379371970856,0.24322612064042237,0.1970709704883077,0.07179591448807057,0.06384848638549365,0.051974232863447566,0.04054705376982503,0.026499284167347363
2022-02-15,0.3052226624140336,0.24382250185353987,0.19534635722107857,0.07169631352047003,0.06511244856291205,0.05170651102460077,0.04036818900367859,0.02672501639968661
2022-02-14,0.30513297373259424,0.24485412890013467,0.19819600417907235,0.06716789554998577,0.06560590523299173,0.05231237361590638,0.04049200647677317,0.026238712312541847
2022-02-11,0.3057240340480335,0.24571087692531923,0.19708798396138202,0.06651063620960249,0.06638592506673076,0.05233689421287253,0.040151491330107134,0.026092158245952308
2022-02-10,0.3034757558852075,0.24491772780340249,0.19797014872867424,0.06975107536721505,0.06707094246013766,0.051105509634628274,0.03953829378469604,0.02617054633603864
2022-02-09,0.30322934705864263,0.24592134592677334,0.19720167292064025,0.07037128823204121,0.06656252002933824,0.051025927393342725,0.03929304948948125,0.02639484894974049
2022-02-08,0.30696171050658067,0.24564934306377062,0.19813373592289052,0.06753285322713373,0.06447920854592708,0.05142141313210528,0.039370443549575765,0.02645129205201637
2022-02-07,0.3040999444441811,0.2449153892346142,0.19957443407521264,0.06710748373983505,0.06645529346329325,0.05170521013655189,0.04001345050450158,0.02612879440181036
2022-02-04,0.3008939996110842,0.24530828397634885,0.20241032867888342,0.06502523050915475,0.06902211709811988,0.05121931392972168,0.04006018378812774,0.02606054240855924
2022-02-03,0.3026751920648746,0.24226093193139656,0.20261004740295688,0.06422229380173457,0.0694215342340015,0.05207905285043251,0.04100578977848296,0.02572515793612039
2022-02-02,0.2922773060749856,0.23935033767937175,0.19929555565937787,0.06427408655250204,0.08954751224201003,0.050277768151224575,0.03960182071612563,0.025375612924402394
2022-02-01,0.2972687581521455,0.24147695084611678,0.18997565895651444,0.06425698402188844,0.09058252479792295,0.050827264779786344,0.04008237891469949,0.025529479530925964
2022-01-31,0.2991592914804945,0.2445218735596341,0.18785906547625011,0.06420418482616756,0.08943124702036725,0.0497394494475946,0.03971423454132473,0.025370653648167207
2022-01-28,0.2979453257245599,0.24770632644717724,0.18890931905585315,0.061203500171939415,0.08802554382956494,0.05124311144169764,0.04017991564580241,0.024786957683405324
2022-01-27,0.29129027362655185,0.25199529240218,0.19126199681091824,0.06150053427733837,0.09188283223927868,0.04845815981634274,0.03851007406968777,0.025100836757702374
2022-01-26,0.29192176976727163,0.24916982116460423,0.1913730397705926,0.06377121150735668,0.09180789545124714,0.0483545161273002,0.03783558412605487,0.02576616208557256
2022-01-25,0.29576601636120703,0.24531895913090815,0.19019036012482524,0.06330421082766922,0.0947062207945756,0.04804325672538391,0.03765639808418133,0.025014577951249443
2022-01-24,0.29223470996503664,0.2461758408283164,0.1920918711135453,0.0647391962191641,0.09514844539574209,0.04689436547907753,0.03794069235673852,0.024774878642379553
2022-01-21,0.2936395382134756,0.24587364852580043,0.19153235223209528,0.06473952907061449,0.09343343028219708,0.04783839499783494,0.038552165213905906,0.024390941464076235
2022-01-20,0.290761451168047,0.24487833128426673,0.19179962161696235,0.06538774956444889,0.09537067720824192,0.04867693539374468,0.038633735858600755,0.024491497905687575
2022-01-19,0.2904633210490773,0.24384570644247044,0.19242072118411044,0.06709945379398533,0.09518957314725765,0.04819796425021452,0.03785166194241392,0.02493159819047046
2022-01-18,0.29369624845549486,0.24083480227896353,0.19154840554667063,0.06863497959042314,0.09380088687779607,0.04815401598602986,0.03804682571670086,0.02528383554792107
2022-01-14,0.2921742726883103,0.24092386720147865,0.19174671322254935,0.06967624537203583,0.09550843619667905,0.046772766141059,0.03772657054961684,0.02547112862827086
2022-01-13,0.29364194461421994,0.23891633578609967,0.19243728112635142,0.06936190811657923,0.0948164987290486,0.0472773373359723,0.03780696149237041,0.025741732799358437
2022-01-12,0.29156357762932894,0.24299556053023838,0.1910670758324646,0.07118066344459703,0.09427190316076282,0.04620155366892977,0.03660482460093323,0.026114841132745238
2022-01-11,0.29258290386890357,0.24194469499550084,0.18996805963620603,0.07114760606386393,0.0951605361266957,0.04619564744864535,0.036724943009857375,0.026275608850327245
2022-01-10,0.29087251644418405,0.2440160569014154,0.19031533575174053,0.07084071211382666,0.09437966852818838,0.04617145340218704,0.03688182580209607,0.026522431056361748
2022-01-07,0.290887913646562,0.24387870670718045,0.18813298914733026,0.07045705433579147,0.09546598473529001,0.04726637031178424,0.03746990293613361,0.026441078179928013
2022-01-06,0.2893052580377458,0.242667849369939,0.1881725242674735,0.07253968043637114,0.09523233819389111,0.047660780202067606,0.03733819025655217,0.02708337923595983
2022-01-05,0.29310870369816405,0.24367949452782267,0.18755021340997857,0.0707943922915063,0.09250798771631158,0.04753530782290516,0.03758965774849779,0.027234242784813845
2022-01-04,0.29049658686121194,0.24446842382932318,0.18972492564615157,0.07246860842966772,0.0926475436543784,0.046371300237878485,0.03640820908165887,0.027414402259729777
2022-01-03,0.2911815553855563,0.2461557102625127,0.18856948574171783,0.07375230385288672,0.0922350035271249,0.045678249844154084,0.03560472596785467,0.026822965418192665
